제목,날짜,작성일,작성자,댓글
안철수·홍준표·유승민…‘신기루 윤석열’ 두려워할 이유 없다,2021-04-04 11:00,2021.04.23 14:45,진솔,"주장의 타당성을 떠나서 이런 의견이 왜 한겨레에 실려야 하는지 모르겠네
꼰대가 지가 정의로운지 알고 헛소리 하는 걸 보고 있으려니 젊은 기자들은 얼마나 힘들까
성기자는 자리를 후배들에게 넘기고 영업이라도 뛰어서 신문사에 마지막으로 좋은 일 하길 바란다."
안철수·홍준표·유승민…‘신기루 윤석열’ 두려워할 이유 없다,2021-04-04 11:00,2021.04.23 06:44,차우린,내년 대선 대통령 윤석열 당신이 된다면 거지같은 법좀 싹다 바꿔주세여
안철수·홍준표·유승민…‘신기루 윤석열’ 두려워할 이유 없다,2021-04-04 11:00,2021.04.06 17:21,행복하세요,윤석열은 민주당쪽이다 중도에서 검증받으면 폭삭한다 능력 천재 준표형한테 게임이나되냐
안철수·홍준표·유승민…‘신기루 윤석열’ 두려워할 이유 없다,2021-04-04 11:00,2021.04.06 12:37,무시로,"더러운인간이 이제 이간질시키네. 안철수,유승민,홍준표는
한걸네놀음에 놀아나지마라"
안철수·홍준표·유승민…‘신기루 윤석열’ 두려워할 이유 없다,2021-04-04 11:00,2021.04.05 11:26,윤 준호,참 이런 자식이 선임기자?
안철수·홍준표·유승민…‘신기루 윤석열’ 두려워할 이유 없다,2021-04-04 11:00,2021.04.05 11:24,윤 준호,"한용아, 이놈, 정말 이나라를 누가 말아먹고 있는지 모른다고? 고얀놈, 내 욕은 안하겠다만, 니 그래 살면 되겠나?"
안철수·홍준표·유승민…‘신기루 윤석열’ 두려워할 이유 없다,2021-04-04 11:00,2021.04.05 11:23,달마,"신기루라?
정확한 표현입니다.
검증이 시작되면 만신창이가 될겁니다.
그리고 윤씨가 대권 후보로 거론된다는 것 자체가 코미디 입니다."
안철수·홍준표·유승민…‘신기루 윤석열’ 두려워할 이유 없다,2021-04-04 11:00,2021.04.05 08:43,그레이스,한겨레 신문은 윤설열 나쁜 이미지 호소인.
안철수·홍준표·유승민…‘신기루 윤석열’ 두려워할 이유 없다,2021-04-04 11:00,2021.04.05 08:21,Kyungjoong Kim,국민짐당이 암적인 이유...아직도 홍준표에게 지지율이 남아 있다는거
안철수·홍준표·유승민…‘신기루 윤석열’ 두려워할 이유 없다,2021-04-04 11:00,2021.04.05 03:46,Jay Shim,"Who cares?
트럼프 마누라. 잘 알려진대로 창X출신
윤씨 마누라 :잘 알려진대로 Julie.창X 출신
문제는
Julie가 트럼프 마누라보단 1000 배 이상 똑똑하다는데 있다
물론 돈 먹는데 관해서만.
재미있는건
누구에게나
발목을 잡아채는
아킬레스건이 반드시 존재 한다는 것."
안철수·홍준표·유승민…‘신기루 윤석열’ 두려워할 이유 없다,2021-04-04 11:00,2021.04.05 00:50,느티나무,"검찰 제식구 감싸기에는 법도 뭣도 없이 아무리 뻔한 증거도 싸그리 뭉개버리고, 특정 목적을 가지고 제거해야 할 상대라고 생각되면 없는 죄도 만들어내는 전형적인 정치검찰이 윤석열인데... 그런자에게 공정함을 구한다? 미친거 아닌가? 굳이 윤석열의 구질구질한 가족사를 들먹이지 않더라도 이런자가 대통령이 되면 하루아침에 필리핀 꼴나는 거야. 등신들아~"
안철수·홍준표·유승민…‘신기루 윤석열’ 두려워할 이유 없다,2021-04-04 11:00,2021.04.04 23:24,Jasey Gimson,"장모 처 엽기적 사기행각 법정 결과에
사법부의 민낮 곧 공개?"
안철수·홍준표·유승민…‘신기루 윤석열’ 두려워할 이유 없다,2021-04-04 11:00,2021.04.04 23:20,Peter K,"매우 간단하다. 윤석열 검찰이 하려던 수사를 제대로 하느냐 에달려있다. 탈원전, 울산선거 개입, 조국, 윤미향 등등. 제대로 못하면 윤석열 지지도는 더 올라간다. 그리고 윤석열은 뭔가 승부수 를 알고 있다고 생각한다."
안철수·홍준표·유승민…‘신기루 윤석열’ 두려워할 이유 없다,2021-04-04 11:00,2021.04.04 21:56,야간비행,"그나마 윤석열은 법의 범위내에서 문재인 일당을 처벌하겠지만, 이재명은? 상상만해도 끔찍하다."
안철수·홍준표·유승민…‘신기루 윤석열’ 두려워할 이유 없다,2021-04-04 11:00,2021.04.04 21:52,나야나,"일단 나와봐.
개떡이 될꺼다."
안철수·홍준표·유승민…‘신기루 윤석열’ 두려워할 이유 없다,2021-04-04 11:00,2021.04.04 21:42,le****,"성한용아 안철수바라기 10년 변치않는 충성심 대단하다 한글레 만든장본인주제에 아직도 남아있
네 한글레독자는 누구냐? 태극기부대야 그래서 야당후보들 걱정마라 용기를 주는거야
참 망가져도 별거지같이 망가지네"
안철수·홍준표·유승민…‘신기루 윤석열’ 두려워할 이유 없다,2021-04-04 11:00,2021.04.04 19:40,성우이,암튼 한겨레는 윤석열을 무지 무서워 하나봐
안철수·홍준표·유승민…‘신기루 윤석열’ 두려워할 이유 없다,2021-04-04 11:00,2021.04.04 19:38,sun,국짐당은 당명을 왜자꾸 바꾸냐? 헷갈리게시리~
안철수·홍준표·유승민…‘신기루 윤석열’ 두려워할 이유 없다,2021-04-04 11:00,2021.04.04 18:19,kkyo****,한겨레 정치부 성완용 기자님 오세훈 박형준 의혹 철저히 탐사 보도해주세요. 특히 박형준 의혹은 기가 막히네요.. 조국 가족 취재한 거 십분의 일이라도 보도해야 하는 거 아닙니까?. 과거 한겨레 애독자로서 최근 한겨레의 취재 행태가 너무 안타깝네요.
안철수·홍준표·유승민…‘신기루 윤석열’ 두려워할 이유 없다,2021-04-04 11:00,2021.04.04 18:15,김문경,"만냑에, 이건 만약이다 '그를 일은 없을 거다만'
윤석열이가 대권을 잡으면
""박정희 전두환이는 양반""이라는 신음소리가 천지에 진동할 거다
군바리들이야 좀 어리숙하고 순진하기까지 하지만
개검들이야 사람조지는 걸 업으로 야차같이 살아온 놈들인데
그런 놈들이 떼로 모여 개짓으로 세상을 짜집기하게되면
천하의 유방이 살아 다시돌아온다해도 개검들을 누르기 어렵다
중아정보부는 약과고
대한민국은
아프리카 어는 부족국가보다 더 암울한 시대로 떨어지고 만다는 걸 각오해야 할 거다
제일 먼저 골로가는 족들은 아미도 '국민의짐' 놈들이 될 거다"
안철수·홍준표·유승민…‘신기루 윤석열’ 두려워할 이유 없다,2021-04-04 11:00,2021.04.04 17:45,-,"我田引水식 계산법은 좀 그만두시고
大業을 위하여 協同合心하는
그런 모습을 보여주실 수만 있다면
정말 감사하겠습니다."
안철수·홍준표·유승민…‘신기루 윤석열’ 두려워할 이유 없다,2021-04-04 11:00,2021.04.04 16:43,이재현,"세사람 모두 석렬이 한테 자기들 유리한 입장에서 개인적 사견을 말하네,언제는 석렬이한테 도움을 바랄때 언제고, 추풍낙엽 같은 넘들"
안철수·홍준표·유승민…‘신기루 윤석열’ 두려워할 이유 없다,2021-04-04 11:00,2021.04.04 16:20,-,"범죄자나 잡던놈을 음지에서 사는 범죄자나 두려워하겠지, 양지에 나와서 검증들어가면 밑천 드러나고 제풀에 나가 떨어질거다"
안철수·홍준표·유승민…‘신기루 윤석열’ 두려워할 이유 없다,2021-04-04 11:00,2021.04.04 15:51,부두교오빠,얼마나 두렵고 무서우면 이런 기사를 쓸까... 라는 생각이 먼저 들었다. 한겨레는 지난 4년동안 거의 유신시대의 조중동급으로 활약하던데? ㅎㅎㅎㅎ 난 언론이라면 공정해야 한다고 생각한다. 그런데 진영 논리에 빠져서 전혀 공정하지 않았지. 우리편은 무조건 좋은 사람? 이게 한겨레가 지향했던 목표였나 고민해보기 바란다.
안철수·홍준표·유승민…‘신기루 윤석열’ 두려워할 이유 없다,2021-04-04 11:00,2021.04.04 15:47,WoodenTone,"성한용이 가장 두려워 하는 대선 후보는 윤석열인 건 명확하지.
이번에는 야당 내 인사들의 발언을 발췌해서 윤석열을 거세하고자 하는 컬럼.
지은 죄가 참 많은 모양이다, 성한용."
안철수·홍준표·유승민…‘신기루 윤석열’ 두려워할 이유 없다,2021-04-04 11:00,2021.04.04 15:39,염라대왕,"윤총장은 생각이 있어, 누군진 모르지만 참모가 훌륭한듯. 다른 대권주자들은 철학이 없어,참모도 물론 생각이 없지만.ㅋㅋ"
안철수·홍준표·유승민…‘신기루 윤석열’ 두려워할 이유 없다,2021-04-04 11:00,2021.04.04 15:25,하늘과 바다,웃기고 있네 이것들이 지금의 윤석열이란 괴물을 만든 장본인들이 이제와서 물거품이네 허상이네 하고 자빠졌네. 어이 한 걸레같은 한겨레야 니넨 뭐 자유로울 줄 아냐? 난 윤석열이 대통령되어서 예전 전두환처럼 언론통폐합하고 방송사 신문사 전부 없애버리고 기자를 전부 해고시켜버렸으면 한다. 특히 너네 한 걸레같은 한겨레
안철수·홍준표·유승민…‘신기루 윤석열’ 두려워할 이유 없다,2021-04-04 11:00,2021.04.04 14:54,James Cunard,"ㅎㅎㅎ
참 재미가 있는 기사입니다.
윤석열은 검찰총장을 역임했습니다.
정권이 정권의 수사를 막으려고 검찰로부터 수사권을 빼앗어려하니 사직하였습니다.
국민들이 이사람을 선호하여 대통형후보로 올리는 것 같습니다.

그런데 느닷없이 친여나팔수 언론에서
""신기루 윤석열’ 두려워할 이유 없다""라면서 무리를 독려하는군요!
무엇이 이들을 이렇게 두렵게 할까?

국민의 신뢰를 받는 검찰을 무서워하는 자가 누구일까??
무슨 범죄를 저지르고 저렇게 무서월 할까??
스스로 범죄집단임을 고백하면서 무리에게 용기를 주는 모습이 참 재미있습니다.
그것도 친여 나팔수 언론이...

안철수의 코멘트가 정곡을 찌르는군요!
""윤 총장을 국민이 인정하고 기대하기 시작한 건 본인의 일에 충실해서 아니었나 . 검찰개혁이란 게 정치권력의 영향권 밖에서 살아 있는 권력도 수사해야 하는 것 아니냐 ."""
안철수·홍준표·유승민…‘신기루 윤석열’ 두려워할 이유 없다,2021-04-04 11:00,2021.04.04 14:37,pastropmal,"이게 말여, 성기자.
또 너무 성실히 때려가꼬 꽉 눌렀다
크게 튀면 개미들 꼬여서 악성물량이 되니까
운전을 잘해야혀.
패턴이 너무 같아도 안되고 한 번씩 변칙도쓰고..
하여간 언론계의 주포 성기자 그대만 믿소."
안철수·홍준표·유승민…‘신기루 윤석열’ 두려워할 이유 없다,2021-04-04 11:00,2021.04.04 14:36,amole****,말바꾸기 끝판왕들이구만 대세는 이재명이다 대구살지만 이재명 같은 사람이 대통령되야 한다고 본다 진짜 국민들을 위해서 행동으로 보여주리라 본다
안철수·홍준표·유승민…‘신기루 윤석열’ 두려워할 이유 없다,2021-04-04 11:00,2021.04.04 14:29,nks0113,국민은 윤석열 두려워하는 사람 아무도 없다. 다만 추미애 박범개 조국 최강욱... 더불어성추행 부동산투기당 애들이 두럽다고 국민들이 누려워한다고 왜곡하지마라
안철수·홍준표·유승민…‘신기루 윤석열’ 두려워할 이유 없다,2021-04-04 11:00,2021.04.04 14:26,Peter K,군사독재 보다 못한 운동권독재는 천벌을 받을 줄 알아라.
안철수·홍준표·유승민…‘신기루 윤석열’ 두려워할 이유 없다,2021-04-04 11:00,2021.04.04 14:03,tkadlft****,"자신이 검찰에 있으면서 그야말로 정치 검사로
남들 먼지털이식 수사로 겁박하고 망신 줬지만
이제 자신이 탈탈 털려봐라
장모에
마누라에
검사로 있으면서
수사대상자나 다름 없는
조선지라시 방가 몰래 맞났지
중앙지라시 홍씨 몰래 만났지
그외에 정치검사로써 보여준 수많은 행태들이 들어나면
석열아 너도 정치판에 나와서 한 번 탈탈 털려봐라.
풍선처럼 부풀어있던 그 인기라는게 그냥 한순간에 펑하고
터져 나가면서 한순간에 나락에 빠진다는게 어떤건지
온몸로 느끼게 될거다.^^"
안철수·홍준표·유승민…‘신기루 윤석열’ 두려워할 이유 없다,2021-04-04 11:00,2021.04.04 13:47,ks****,"막가파 인간을 기데기가 띠어주는것 보면 걸레라는 생각이
더 든다."
안철수·홍준표·유승민…‘신기루 윤석열’ 두려워할 이유 없다,2021-04-04 11:00,2021.04.04 13:20,반가운이,"야당놈들 도토리 키재기들 하고있네.
아무래도 다음번에 홍준표가 가장 유력한 대선 후보가
될것 같은데 동의하십니까?ㅋㅋㅋㅋㅋㅋㅋㅋㅋㅋ"
안철수·홍준표·유승민…‘신기루 윤석열’ 두려워할 이유 없다,2021-04-04 11:00,2021.04.04 13:09,느리게먹고살기,언제 검찰이 문정권말들었다고..그런데도 김학의를 서지현을 저렇게 처리해?
안철수·홍준표·유승민…‘신기루 윤석열’ 두려워할 이유 없다,2021-04-04 11:00,2021.04.04 13:09,Moonga뻑,"아따 신기루이고 두려워헐것도 읎는데
왜 매일 주사파 언론에선 씹는 것이여
검찰에 재직시는 빨랑 사퇴허구 나가라구 지랄
나가니깐 대통령 되구 잡아서 나왔냐며 검찰중립을 지키라구 지랄
이젠 신기루니껜 겁내지 말라며 똥지랄
참 지랄들도 아낌읎이 떤다 이새끼덜아

성한용이 이런 기사 겉지도 않은 기사 올릴라믄
차라리 정보원 노릇허며 뜯어 먹구 살어
예전에 운동권 출신 새끼덜 그러구 살더라."
안철수·홍준표·유승민…‘신기루 윤석열’ 두려워할 이유 없다,2021-04-04 11:00,2021.04.04 13:07,웃어요,속마음이 너무 빤히 보이는군. '두려워할 이유 없다'는 생각의 근원은 '왜 두려운가?'가 아닐까? 손바닥으로 하늘을 가리려는 것은 아닌지....
안철수·홍준표·유승민…‘신기루 윤석열’ 두려워할 이유 없다,2021-04-04 11:00,2021.04.04 13:06,인동초,윤석열은 절대 국민의 힘에 들어기면..빛을 잃은다.제3지대에서..판을 키우는게..신선함과새로운의 정치를 기대 하고...성원을 받을 것으로 생각 된다. 구민의힘은 김종인등의 참여한..조금은 구린냄새가 가신 가시지 않았다..새로움이 없다...
안철수·홍준표·유승민…‘신기루 윤석열’ 두려워할 이유 없다,2021-04-04 11:00,2021.04.04 12:43,느리게먹고살기,문재인정부는 보유세를 올려야한다. 양도세만 올리니 내놓지를 않아..글구 몇십년간 해온 전국민의 투기병! 반발이 심하겠지만 지금보다 더 강력한 정책 펴야한다. 국힘당은 씨를 말려야한다.
안철수·홍준표·유승민…‘신기루 윤석열’ 두려워할 이유 없다,2021-04-04 11:00,2021.04.04 12:40,느리게먹고살기,"국힘당 유상범 영업사원이 수술해서 사람이 죽었는데 법률적 조언 수준이 아니라 전관예우동원해서 다 덮어주는 녹취록나왔는데 아무도 보도안함. 유상범 검색해보시길...국힘당 한무경 국개의원 축구장38배크기 농지투기 와우! 전원생활하려고 샀다고 한다 와우! 역쉬 민주당과는 스케일이 달라..시세보다 월세 20만원싸게 내놓은 박주민은 더 싸게 했어야했는데 그러지못했다고 머리숙이고 다니고..국힘당은 뭐하나 나오면 꼭 그래 그래서 뭐? 내가 뭘 잘못했냐? 와우와우 대단들해..그러니 상대적으로 오세훈, 박형준 깨끗하다고 내놨것지..이제는 오세훈 얼굴만봐도 느글느글하다"
안철수·홍준표·유승민…‘신기루 윤석열’ 두려워할 이유 없다,2021-04-04 11:00,2021.04.04 12:39,sen****,"어저께 고향이 전라도 보성인 동네 형님과 소주한잔 하였다
자기는 홍준표가 대통령이 되면 잘할거라고 생각한다고 말한다
해석: 홍준표가 대선주자가 되면 민주당이 재집권할수 있다는 뜻이다

성완용기자가 극구 윤석열을 두려워할 필요가 없다는 말과 함께
안철수 홍준표 유승민을 부추기는 것과 같은 맥락이다

성완용기자
희망사항으로 세상을 바라보면 그릇된 판단을 하게 마련일세
어떤가 시대정신 윤석열호로 갈아타고 살쾡이같은 문재인정권을
심판하는 대열에 합류해보는게"
안철수·홍준표·유승민…‘신기루 윤석열’ 두려워할 이유 없다,2021-04-04 11:00,2021.04.04 12:36,Ces K,"기사 타이틀 뽑는거하고는...
어이가 없네.
성한용 너는 무섭냐? 난 아닌데?"
안철수·홍준표·유승민…‘신기루 윤석열’ 두려워할 이유 없다,2021-04-04 11:00,2021.04.04 12:35,-,"윤석열이는 정치할 몸이 안돼 있어, 똥배 내놓고 뒷짐지고 다니는 놈한테 누가 표를 주겠냐"
안철수·홍준표·유승민…‘신기루 윤석열’ 두려워할 이유 없다,2021-04-04 11:00,2021.04.04 12:34,느리게먹고살기,"쓰레기집단 국힘당, 사기꾼 처가땜에 윤석열은 못견딘다..신기루에 불과해 진짜.."
안철수·홍준표·유승민…‘신기루 윤석열’ 두려워할 이유 없다,2021-04-04 11:00,2021.04.04 12:33,토끼,현 정치가들에게 얼마나 절망을 했으면 검찰총장을 그렇게 많은 국민들이 지지하겠는가 그들이 바보인가? 서로 상대방을 저주하게 만든 정치가들 모두 없어져야한다
안철수·홍준표·유승민…‘신기루 윤석열’ 두려워할 이유 없다,2021-04-04 11:00,2021.04.04 12:29,도화지,"일개 검찰직으로 우리 민주 열사학생들을 빨갱이로 처몰아서 기나긴 독재에 장기 집권케, 이바지로 충
성한 똥개ㅡ시퀴가, 어딧감히...
우리 거룩한 민주주의,앞에다 주어를 부치고 군부독재 장기정권의 구호인 자유 민주주의를 외치냐?
개ㅡ시퀴야?
우리 민주열사가 목숨으로 지켜낸,자유,평화,평등,행복,인 우리 거룩한 민주주의가 네놈의 충성의 악행짓거리로 그리도 우숩냐?
군부독재 정권부역질로 논 시퀴들 한테는 눈깔도 제대로 못 처들고, 고놈들 발바닥만 핥아 처먹을 자세로만 내리깔고 다닌 똥개ㅡ시퀴가!...
양아치들의 조직단체 규칙은 외워 가지구 지놈의 대부 채동욱이 총장을,박근혜년이 짤릴때는...흑흑!
닥동가튼 개ㅡ눈물 떨어 뜨리며, 기자들에게 했던 그 유명한 말!...
""난 흑흑! 조직에 충실 하지, 사람한테 충성 안 해요. 흑흑!"""
안철수·홍준표·유승민…‘신기루 윤석열’ 두려워할 이유 없다,2021-04-04 11:00,2021.04.04 12:26,쥐포수,짜장 두려워 하는 사람도 있나 그냥 호로록 말아 먹으면 되지
안철수·홍준표·유승민…‘신기루 윤석열’ 두려워할 이유 없다,2021-04-04 11:00,2021.04.04 12:22,sen****,"성완용기자가 판세를 잘못읽고있는 부분이 있다
내년에 치러지는 대선은 내가 대통령이 되겠다고 나서는 선거가 아니다
나라를 멸망시키겠다는 각오를 하지않는한 저리 망칠수 있을까싶은
문재인정권을 몰아내기위한 선거다
여러 후보가 나서도 결국 누가 나가야 이길수있는지 판단하고 물러설 것이다
자기가 대통령이 되어야하는 선거가 아니고 문재인 정권을 몰아내고
나라를 구해야 하는 선거란 것이다
안철수 홍준표 유승민 아무리 격려해서 나가라고 부추겨봐야 소용없다는 것이다
시대정신을 대표하는 윤석열"
안철수·홍준표·유승민…‘신기루 윤석열’ 두려워할 이유 없다,2021-04-04 11:00,2021.04.04 12:17,GaDiN,"윤씨가 두렵지 않다면
이런 기사도 나오지 않겠지 ㅋㅋㅋ
민주당과 문씨 일당들은
밤에 자다 윤씨 악몽에 벌떡 일어나
덜덜 떨고 있을 듯...ㅋㅋㅋㅋ"
안철수·홍준표·유승민…‘신기루 윤석열’ 두려워할 이유 없다,2021-04-04 11:00,2021.04.04 12:05,아직도청춘,짜장 빨아준 한겨레 종업원들이 두려운 거 아니고 ? ㅋㅋ
안철수·홍준표·유승민…‘신기루 윤석열’ 두려워할 이유 없다,2021-04-04 11:00,2021.04.04 12:05,남맹,"한겨레에 성한용 기자님이 있다는 사실이 얼마나 다행인지 모르겠습니다. 타 언론은 입에 담을것도 없고, 한겨레 내에서도 유아적 수준의 기사들이 널부러져 있어서 드리는 말씀입니다. 건필하십시오. 그리고 언제나 건강을 챙기시구요."
안철수·홍준표·유승민…‘신기루 윤석열’ 두려워할 이유 없다,2021-04-04 11:00,2021.04.04 12:03,열이,"두려움이라는 표현이 자주 나온다
한겨레나 민주당 등 여권이 두려움에 떨고 있다는 반증이다.
송영길이도 SNS에 올린 글에서
“김어준, 그가 없는 아침이 두려우십니까? 이 공포를 이기려면-----” 운운하고 있는데
사실은 본인 송영길이와 민주당이 지금 두려움에 떨고 있다는걸 고백하는거나 마찬가지다
두려움을 넘어 공포라고까지 하는걸 보면 이들이 어떤 상태인지 알만 하다.아마도 패닉 상태."
안철수·홍준표·유승민…‘신기루 윤석열’ 두려워할 이유 없다,2021-04-04 11:00,2021.04.04 11:59,HK555,"옜날에는 대통령이 비전을 제시하고 국민을 이끌어 가는 모양새였다.
그러나 지금은 국민이 적절한 인물을 대리인으로 뽑는 모양새다.

지금 이순간 우리사회에 필요한 일이 무엇인가를 보고
그에 적합한 소양을 가진 인물을 대통령으로 픽업하는 형식이다

안철수든, 홍준표든 누구든
우리가 원하는 일을 할 인물을 픽업해서 5년간 맡기면 된다.
그런 인물이 전인적 인무일 필요는 없다.

우리사회 적폐가 아직 충분히 소멸되지 않았다고 판단되기 때문에
윤석열처럼 적폐척결에 소양이 있는 사람을 불러서 그 임무를 맡기게 될 것이다."
안철수·홍준표·유승민…‘신기루 윤석열’ 두려워할 이유 없다,2021-04-04 11:00,2021.04.04 11:51,wsjpot,생긴개 대통령깜이야 아이 무셔워라 고문은하지말거라
"유승민 “이재명, 민주당-허경영 중간…윤석열, 국민의힘 입당할 것”",2021-03-30 09:47,2021.03.30 10:10,Dennis Key,"염소 유승민 누구십니까 ?
이름은 한국인인데 하도 뒤에 숨어서 놀고만 있으니 잊었습니다."
"유승민 “이재명, 민주당-허경영 중간…윤석열, 국민의힘 입당할 것”",2021-03-30 09:47,2021.04.09 10:20,swkim57****,"유슴민씨,착각하지 마시오.
비교가 됩니까."
"유승민 “이재명, 민주당-허경영 중간…윤석열, 국민의힘 입당할 것”",2021-03-30 09:47,2021.04.06 18:15,milkyway,유승민 너는 태극기부대 최순실 중간쯤 되냐?
"유승민 “이재명, 민주당-허경영 중간…윤석열, 국민의힘 입당할 것”",2021-03-30 09:47,2021.04.03 02:39,베토벤,서울상대 경제학과 개 꼬라지 만드는구나!!
"유승민 “이재명, 민주당-허경영 중간…윤석열, 국민의힘 입당할 것”",2021-03-30 09:47,2021.04.02 20:50,sky2018,토착왜구 승민아 니 거기서 뭐하노.
"유승민 “이재명, 민주당-허경영 중간…윤석열, 국민의힘 입당할 것”",2021-03-30 09:47,2021.03.31 10:08,임츠노,"넌 그만나오라니깐 왜자꾸 처나와서 그래
집에가서 마누라나 잘봐라
마누라없나? 거 근혜누나 면회나가"
"유승민 “이재명, 민주당-허경영 중간…윤석열, 국민의힘 입당할 것”",2021-03-30 09:47,2021.03.31 08:56,신동찬,유승민이는 이명박 과 박근혜 중간 이면서...
"유승민 “이재명, 민주당-허경영 중간…윤석열, 국민의힘 입당할 것”",2021-03-30 09:47,2021.03.30 23:12,Shaw. co.,"유승민이 이제 자기 깜을 안건가?
근데 왜 보수가 아닌 윤석열이 국민의짐에 입당하겠냐?
사실 지리멸렬에서 그나마 살아남은 유승민 등이 차기 대권 깜냥이 너무 안되니까 윤석열을 보수 세력에서 지지하고 있다만, 윤석열은 문재인대통령과 척을 졌길래 그렇게 보이는 거지 보수와는 원래 거리가 있는 인간이라네. 보수도 아니고 진보도 아니야. 그냥 검찰 권력 지상 주의자 정도?"
"유승민 “이재명, 민주당-허경영 중간…윤석열, 국민의힘 입당할 것”",2021-03-30 09:47,2021.03.30 21:32,인동초,"윤석열은 국힘에 입당하면 망한다...국힘이 해체하고...윤석열,정진석 장제원등과 그리고..의식있는 초선들 하고 신당을 창당해야...중도하고 여러명을 합할수 있다는 생각이다..."
"유승민 “이재명, 민주당-허경영 중간…윤석열, 국민의힘 입당할 것”",2021-03-30 09:47,2021.03.30 21:28,여영호01024308963,"이재명깐다고 얼굴쳐다볼것이라는 착각으로 정치하는 자가 아직있으니, 참 한심하다. 마타도어나 해대면서 국민들 속이려하는 자들은 국민을 바보로 보고있네. 국민 수준을 개돼지로 보는이는 몰아내야! 국민을 하늘같이 섬기는 자를 유권자는 머슴으로 부려먹어야하는 시대! 지금이 어느 때라고 국민들 속이려드는가? 국민 수준을 어떻게 보고 조작하고 사기치려는지...."
"유승민 “이재명, 민주당-허경영 중간…윤석열, 국민의힘 입당할 것”",2021-03-30 09:47,2021.03.30 21:22,지연이,"허경영후보는 중간이라도 가지... 유승민 당신은 누구신데요..?
당신이나 잘하세요... 국민들 빨대 꽂아 피빨아먹지나 말고 잠잠코
가만히나 있음 허경영발톱 끝이라도 따라갈까말까니까는.."
"유승민 “이재명, 민주당-허경영 중간…윤석열, 국민의힘 입당할 것”",2021-03-30 09:47,2021.03.30 20:27,공소주,"이양반이 허경영을 우습게 아나보네,,ㅋㅋ 아무튼 어리버리 유씨"
"유승민 “이재명, 민주당-허경영 중간…윤석열, 국민의힘 입당할 것”",2021-03-30 09:47,2021.03.30 19:50,강종환,생각하는게바보같아이재명허경영식배당금제가살아있는경제정책이야돈을주어돈을쓰게하면경제가구석구석살아나는거야트리클다운해야돼승민식생각은경제정책이아니고경제망책이야해봐되는지그런고리타분한생각갖고뭐대퉁하겠다고개도하지시장똘배기만이경제살릴수있어
"유승민 “이재명, 민주당-허경영 중간…윤석열, 국민의힘 입당할 것”",2021-03-30 09:47,2021.03.30 18:29,mk****,? 본인하고 무슨 관계가 되나? 별로 신경쓰지 않아도 될 거 같은데...ㅎㅎㅎ...
"유승민 “이재명, 민주당-허경영 중간…윤석열, 국민의힘 입당할 것”",2021-03-30 09:47,2021.03.30 17:46,晴耕雨讀,ㅋㅋㅋ잊혀질까 두렵군요?
"유승민 “이재명, 민주당-허경영 중간…윤석열, 국민의힘 입당할 것”",2021-03-30 09:47,2021.03.30 17:17,Jaybin,이 사람은 전형적인 기회주의자인게 자신을 희생할 일은 자기 진영을 위해서도 안 하다가 지 이름 알릴 일에만 나서. 그게 뭔 리더냐?
"유승민 “이재명, 민주당-허경영 중간…윤석열, 국민의힘 입당할 것”",2021-03-30 09:47,2021.03.30 16:44,Gary cooper,"""욕망에 매몰돼 김문수·민경욱·전광훈류를 연상시키는
자기부정을 반복하는 동안
큰 정치를 표방한 유승민은 완전히 실종됐다.
언론 보도에서 이름과 얼굴만 가리면
안철수의 말인지 전광훈의 극우 집회에서 나오는 말인지
분간할 수 없을 정도로 극단적이고
자기부정을 반복하는 동안
큰 정치를 표방한 유승민은 완전히 실종됐다.“
(모 평론가의 유승민 평에서 옮김)"
"유승민 “이재명, 민주당-허경영 중간…윤석열, 국민의힘 입당할 것”",2021-03-30 09:47,2021.03.30 15:12,鄭炳華,"[국민의 힘 당]은 대통령 후보 한 명 내 놓을 인물이 없어 외부에서 영입을 하려고 윤 ㅇㅇ, 안 ㅇㅇ만을 애타게 바라만 보고 있으니 제 1야당 체면이 말이아니군요~더 이상 (국민의 짐)이 되지않도록 국민만보고 정치를 하시길 바랍니다!"
"유승민 “이재명, 민주당-허경영 중간…윤석열, 국민의힘 입당할 것”",2021-03-30 09:47,2021.03.30 14:19,lapaix,너는 박근혜랑 전광훈이 중간쯤인가? 개웃기는 인사네그려...
"유승민 “이재명, 민주당-허경영 중간…윤석열, 국민의힘 입당할 것”",2021-03-30 09:47,2021.03.30 14:18,꼬맹이채연,"기본소득에 대해서 팩트로 반박하여 포퓰리즘이라고 하는것은 이해가 되나
내 마음에 들지 않는 사람이라 하여 이재명과 허경영을 한번에 묶어 폄하하는것은
옳지 못하다. 이재명지사의 행동과 실천을 보고 본받아야 할것이다 말로만 국민을 위한다면
언제 실천을 한단 말인가."
"유승민 “이재명, 민주당-허경영 중간…윤석열, 국민의힘 입당할 것”",2021-03-30 09:47,2021.03.30 13:53,빛나라정윤 Bright JY,"진정한 서민의 마음을 알고 서민의 생활을 살아보고 이야기 하는가? 알수가 없지. 도련님 삶을 사신분이. 허경영, 이재명 처럼 자갈밭에서 옥을 구하 듯 살아서 지금 위치에 올라온 사람들이 밑바닥을 이해하겠지. 이도저도 안되거든 그냥 다른사람처럼 공부하시라"
"유승민 “이재명, 민주당-허경영 중간…윤석열, 국민의힘 입당할 것”",2021-03-30 09:47,2021.03.30 13:13,주상현,유승민은 예전에 청와대 얼라들이.. 어쩌고 할때 아미 끝난 사람. 리더 자질이 아예 없다. 그냥 여러 새누리들 중 하나.
"유승민 “이재명, 민주당-허경영 중간…윤석열, 국민의힘 입당할 것”",2021-03-30 09:47,2021.03.30 13:03,go****,"근 1년간 박근혜를 보좌하면서 덜떨어졌다는 것을 알았음에도 자신의 권력을 위해 대통령으로 밀어 국정농단이 벌어지게 만든 유승민의 행태는 토착왜구의 작태 그 자체이다.
이제는 윤양아치의 그늘에서 권력을 누리고자 용을 쓰고 있는 모습을 보면 참으로 불쌍하다."
"유승민 “이재명, 민주당-허경영 중간…윤석열, 국민의힘 입당할 것”",2021-03-30 09:47,2021.03.30 12:48,김희수,승민씨 그런다고 당신지지율은...안올라가... 어쩔려고.. 마이너리그가 프로선수에게 이래라 저래라임??
"유승민 “이재명, 민주당-허경영 중간…윤석열, 국민의힘 입당할 것”",2021-03-30 09:47,2021.03.30 12:46,나야나,"뭐 밬구네 한 마디에
깨갱하더만.
배알 없는 짜슥이 하는 말 들을 거 없다!
걍 패쓰!!"
"유승민 “이재명, 민주당-허경영 중간…윤석열, 국민의힘 입당할 것”",2021-03-30 09:47,2021.03.30 12:26,달마,"너는 그래서 안되는겨...
남이 잘하면 배울 생각은 안하고 비난만 하니...ㅉㅉㅉ
석열이 하고 자알 해봐~~
잘 된다는 보장은 없지만...ㅋㅋㅋ"
"유승민 “이재명, 민주당-허경영 중간…윤석열, 국민의힘 입당할 것”",2021-03-30 09:47,2021.03.30 12:10,k****,"대구꼴통 아직도 살아있나?
그만좀 보자"
"유승민 “이재명, 민주당-허경영 중간…윤석열, 국민의힘 입당할 것”",2021-03-30 09:47,2021.03.30 11:32,김문경,"유승민이 같은 저런 더러분 인간들이 주절거리고 암암리에 실행하는 거가
소득을 숨기고 세금을 적게 내고 심지어 거부하는 걸 기본으로
자유시장경제라는 희한한 걸 읊어대는 놈들이다
민주주의라는 거는 국민들이 나라의 주인이라는 개념이고
국민들에게 최소한의 행복권을 보장하는 게 바로 기본소득이고 그게 민주주의다
경기도가 시작하려고 첫 발걸음을 내디디고 있는 기본소득이라는 것은
그야말로 미미함의 근방에도 미치지도 못할 정도의 작은 첫출발인 거다
그런 수준의 제도를 기본소득이라고 폄훼하고 허경영이를 갖다붙이는 걸 보면
저 놈의 대가리는 미국밖에는 눈에 아무것도 보이지 않는다는
미국에 경도되어 미국것이라면 똥도 영양분이 많다고 주절거리는
미국의 첩자라고 보면 맞다
저런 넘이 정치판에 얼쩡거리기 때문에
역사 이래 성주에 사드가 강제배치되는 개같은 수모를 우리가 당한 거다"
"유승민 “이재명, 민주당-허경영 중간…윤석열, 국민의힘 입당할 것”",2021-03-30 09:47,2021.03.30 11:29,단무지,우리나라 대표 관종정치인 유승민씨 안녕하시죠? 잊을만 하면 남의 얘기하면서 나오세요. ㅎㅎㅎ
"유승민 “이재명, 민주당-허경영 중간…윤석열, 국민의힘 입당할 것”",2021-03-30 09:47,2021.03.30 11:23,무는개,유청탁씨 오랫만입니다
"유승민 “이재명, 민주당-허경영 중간…윤석열, 국민의힘 입당할 것”",2021-03-30 09:47,2021.03.30 11:10,000000,"이자식은 뭐하냐?
뒤에 숨어서 주둥이질이나 하고..
비겁한 xx"
"유승민 “이재명, 민주당-허경영 중간…윤석열, 국민의힘 입당할 것”",2021-03-30 09:47,2021.03.30 10:45,화룡점정,유승민이 아직 살아 계셨나?
"유승민 “이재명, 민주당-허경영 중간…윤석열, 국민의힘 입당할 것”",2021-03-30 09:47,2021.03.30 10:40,lees****,지지율 2% 유승민씨 준표아저씨나 이기고 오세요..
"유승민 “이재명, 민주당-허경영 중간…윤석열, 국민의힘 입당할 것”",2021-03-30 09:47,2021.03.30 10:39,안드레아,"이사람 대선 한번 나오고 아주 미쳐버렸나 봄.
정신차려. 너같은 정치적 타협으로 관철된 철새는
대한민국에 필요없다.
박근혜도 못말린 주제에 어디서 국민 위한 척
쇼하고 있냐??"
"유승민 “이재명, 민주당-허경영 중간…윤석열, 국민의힘 입당할 것”",2021-03-30 09:47,2021.03.30 10:38,No Esc Ex Reality,"'증세없는 복지는 허구다'
박근혜 때 제법 결기를 보여준 뒤 새누리 탈당해서 바른당 만든 거까지는 봐줄만 했다
헌데 그 후 찰스와 합치고 째지고 다시 새누리 복당하고...
그 때부터 추해졌다.
'내 머리는 너를 잊은 지 오래다.'"
"유승민 “이재명, 민주당-허경영 중간…윤석열, 국민의힘 입당할 것”",2021-03-30 09:47,2021.03.30 10:37,한춘강,넌 국힘당과 태극기부대 중간서 원칙도 없이 왔다리 갔다리
"유승민 “이재명, 민주당-허경영 중간…윤석열, 국민의힘 입당할 것”",2021-03-30 09:47,2021.03.30 10:29,중견수,한심하고 웃기는 놈....대구경북과 자기들만을 위한 표퓰리즘 추구하는 인간 유승민.
"유승민 “이재명, 민주당-허경영 중간…윤석열, 국민의힘 입당할 것”",2021-03-30 09:47,2021.03.30 10:18,윤재,잘 돼가고 있는 밥에 모래뿌리지 말고 잠자코 계시라!
"유승민 “이재명, 민주당-허경영 중간…윤석열, 국민의힘 입당할 것”",2021-03-30 09:47,2021.03.30 10:16,김종철-가을바람,"민주당과 허경영 중간이면 칭찬인데... 유승민씨는 갈수록 스스로 급을 낮추네. 한 때는 대선주자 반열이었는데, 지금은 군수나 지방 단위농협장이 더 어울릴 것 같기도 하고.. 아는 형이 떠난 이유가 있었구나. 조금만 더 크게 보고, 디테일도 더 챙기시면 그래도 반등하실 수 있을 텐데.. 사람은 좋아 보이는데 안타깝다."
"유승민 “이재명, 민주당-허경영 중간…윤석열, 국민의힘 입당할 것”",2021-03-30 09:47,2021.03.30 10:14,sky2018,대구동구에서 버림 받고 방황하는 아이.
"유승민 “이재명, 민주당-허경영 중간…윤석열, 국민의힘 입당할 것”",2021-03-30 09:47,2021.03.30 10:10,Dennis Key,"염소 유승민 누구십니까 ?
이름은 한국인인데 하도 뒤에 숨어서 놀고만 있으니 잊었습니다."
"유승민 “이재명, 민주당-허경영 중간…윤석열, 국민의힘 입당할 것”",2021-03-30 09:47,2021.03.30 10:09,sal****,얘도 점점 쓰레기가 되어가는구나...처음에는 그래도 쬐금 인간비슷했었는데..
"유승민 “이재명, 민주당-허경영 중간…윤석열, 국민의힘 입당할 것”",2021-03-30 09:47,2021.03.30 09:59,bz58,"얜 누구야????
X도 아닌게 가끔 나타나서 X소리 하네~~~"
"[4·7 보선 서울시장 여론조사] 윤석열 27.5%, 이재명 22%…대선 주자 선호도 ‘투톱’",2021-04-02 04:59,2021.04.02 09:58,sen****,"윤석열이 대통령이 되어야하는 것은 시대정신에 부합한다
권력에 아부하지않고 권력의 개가 되기를 거부하고
살아있는 권력에 칼을 댈수있는 용기까지 갖추었다
문재인은 조국사태가 터졌을때 충분히 수습할 수 있었다 그때는 지지도 높았으니
조만대장경을 읊어대며 내로남불 언행의 불일치가
국민들의 역겨움을 불러일으킬것이라는것을 몰랐을까

그럼에도 불구하고 문재인은 입만열면 공정과 정의를 부르짖었다
국민들의 역겨움 지수는 날이 갈수록 높아지고
급기야 부동산으로 벼락거지가 되는 사태에 분노가 폭발한 것이다
여기에 김상조 박주민 등 여권 인사들의 부동산 사랑은 기름을 부어버린 격이다

문재인은 전문성을 살려 영농에 전념했어야했다. 그토록 땅이 좋고 농사가 좋았다면 말이다"
"[4·7 보선 서울시장 여론조사] 윤석열 27.5%, 이재명 22%…대선 주자 선호도 ‘투톱’",2021-04-02 04:59,2021.04.12 13:16,맨유f1,참~ 웃기는 현상일세 저자가 그동안 뭐를 했길래^^
"[4·7 보선 서울시장 여론조사] 윤석열 27.5%, 이재명 22%…대선 주자 선호도 ‘투톱’",2021-04-02 04:59,2021.04.07 16:07,김근우,역사인식의 오류자거나 어처구니 없는 시대적 소명의식의 소유자라면 윤씨를 뽑겠지!
"[4·7 보선 서울시장 여론조사] 윤석열 27.5%, 이재명 22%…대선 주자 선호도 ‘투톱’",2021-04-02 04:59,2021.04.04 08:38,에코빌러,"친일파앞잡이 윤가놈이 검증된게 뭐있나?
친일파잔당을 위해 검찰개혁 막으려고 수사권남용하며 선택적수사로 인권유린한거? 항명한 거? 처가를 이용해 비리를 저지른거?"
"[4·7 보선 서울시장 여론조사] 윤석열 27.5%, 이재명 22%…대선 주자 선호도 ‘투톱’",2021-04-02 04:59,2021.04.02 17:17,님,"이낙연은 지지율이 꺼꾸로 가네
추풍낙엽인가????????"
"[4·7 보선 서울시장 여론조사] 윤석열 27.5%, 이재명 22%…대선 주자 선호도 ‘투톱’",2021-04-02 04:59,2021.04.02 11:11,김문경,"윤석열이를 대권주자로 생각한다는 그 자체가 민주주의를 정면으로 거부하는 행위다
박정희 전두환이 총으로 힘으로 권력을 찬탈한 반민주적 범죄행위라는 걸 안다면
윤석열도 박.전 두 놈과 동일선상에 존재하는 힘의 그림자고 악의 원천이다
두 번 다시 이 땅에서 일어났어는 안 되는 거다
한 번 생각을 해봐라
만약 윤석열이 대권을 거머잡으면
전국의 검사찌꺼레기들이 호위병으로 떼로 몰려
나라를 지들의 손바닥위에 올려놓고 암암리에 주무르는
옛날 중앙정보부 그때 그 시절로 회귀하는 일이 벌어질 수 있다는 걸 알아야 한다"
"[4·7 보선 서울시장 여론조사] 윤석열 27.5%, 이재명 22%…대선 주자 선호도 ‘투톱’",2021-04-02 04:59,2021.04.02 10:04,choi bk,내년에 정리해야지...조.추.박 떨고 있구먼...ㅍㅎㅎㅎ
"[4·7 보선 서울시장 여론조사] 윤석열 27.5%, 이재명 22%…대선 주자 선호도 ‘투톱’",2021-04-02 04:59,2021.04.02 10:02,무는개,날바뀌자마자 여론조사선동을 몆개나 싸지르냐 애잔하다 ㅋㅋㅋㅋㅋㅋㅋㅋㅋㅋ
"[4·7 보선 서울시장 여론조사] 윤석열 27.5%, 이재명 22%…대선 주자 선호도 ‘투톱’",2021-04-02 04:59,2021.04.02 10:00,leeh****,장난질 그만해라? 윤가가 무슨 대선 후보야
"[4·7 보선 서울시장 여론조사] 윤석열 27.5%, 이재명 22%…대선 주자 선호도 ‘투톱’",2021-04-02 04:59,2021.04.02 09:58,sen****,"윤석열이 대통령이 되어야하는 것은 시대정신에 부합한다
권력에 아부하지않고 권력의 개가 되기를 거부하고
살아있는 권력에 칼을 댈수있는 용기까지 갖추었다
문재인은 조국사태가 터졌을때 충분히 수습할 수 있었다 그때는 지지도 높았으니
조만대장경을 읊어대며 내로남불 언행의 불일치가
국민들의 역겨움을 불러일으킬것이라는것을 몰랐을까

그럼에도 불구하고 문재인은 입만열면 공정과 정의를 부르짖었다
국민들의 역겨움 지수는 날이 갈수록 높아지고
급기야 부동산으로 벼락거지가 되는 사태에 분노가 폭발한 것이다
여기에 김상조 박주민 등 여권 인사들의 부동산 사랑은 기름을 부어버린 격이다

문재인은 전문성을 살려 영농에 전념했어야했다. 그토록 땅이 좋고 농사가 좋았다면 말이다"
"[4·7 보선 서울시장 여론조사] 윤석열 27.5%, 이재명 22%…대선 주자 선호도 ‘투톱’",2021-04-02 04:59,2021.04.02 09:53,에스마리,"검찰 지난 백년간 그렇게 저렇게 이렇게
정치 xx 주변이 깨끗 해야 하지요."
"[4·7 보선 서울시장 여론조사] 윤석열 27.5%, 이재명 22%…대선 주자 선호도 ‘투톱’",2021-04-02 04:59,2021.04.02 09:39,봄소식,"미쳐군 여론조사"""
"[4·7 보선 서울시장 여론조사] 윤석열 27.5%, 이재명 22%…대선 주자 선호도 ‘투톱’",2021-04-02 04:59,2021.04.02 08:47,ylim,변함이 없네 35%
"[4·7 보선 서울시장 여론조사] 윤석열 27.5%, 이재명 22%…대선 주자 선호도 ‘투톱’",2021-04-02 04:59,2021.04.02 08:31,Dennis Key,"미국사람들은 거의 모두가 한정당을 평생지지한다.
대통령선거는 선호에 따라 후보지지를 바꾸기도 하지만 정당에 대한 지지는 안바꾼다."
"[4·7 보선 서울시장 여론조사] 윤석열 27.5%, 이재명 22%…대선 주자 선호도 ‘투톱’",2021-04-02 04:59,2021.04.02 08:28,nbv,"내주먹 보이십니까?
맞장떠봅시다
내가 링에 오르면 나는 맨 밥먹어도
국민들에게는 밥과 법을 반찬으로 억여들일께요
하는거 아닐까 겁난다"
"[4·7 보선 서울시장 여론조사] 윤석열 27.5%, 이재명 22%…대선 주자 선호도 ‘투톱’",2021-04-02 04:59,2021.04.02 08:23,SS,윤이 뭐했다고 지지하냐...ㅡㅡ 차라리 허경영을 지지해라 ㅡㅡ 이런거 보면 우리나라 사람들 이해가안가...ㅉㅉ
"[4·7 보선 서울시장 여론조사] 윤석열 27.5%, 이재명 22%…대선 주자 선호도 ‘투톱’",2021-04-02 04:59,2021.04.02 08:16,nbv,"철학박사에게 정치해도 되냐고요 물어봤다는데
철학박사보다는 미아리고개 철학관이 더 많이 간다던데
자신이 없나 누구보고 물어볼까?"
"[4·7 보선 서울시장 여론조사] 윤석열 27.5%, 이재명 22%…대선 주자 선호도 ‘투톱’",2021-04-02 04:59,2021.04.02 07:51,dor****,"한가지 갈챠줄까?
윤석열은 토착왜구가 지지하지만......
이재명은 문똥파리와 토착왜구가 두려워하는 사람인데.......
개새들이 지지하지 않는 순전히 최저 바닥 지지율이라는것이지........
대법원 판결이 났는데도 형수욕설, 애로배우 엽문설.....댓글로 공격하지만
이제는 이재명이 어떤사람인지 다 알고있다........
이재명을 지지하지 마라....토착왜구와 문똥파리는....."
"[4·7 보선 서울시장 여론조사] 윤석열 27.5%, 이재명 22%…대선 주자 선호도 ‘투톱’",2021-04-02 04:59,2021.04.02 07:51,테르자기,"윤석열일 지지하는 인간들하고 같은 하늘아래 살고 있는현실이 치욕스럽고, 무섭고 하다
금수같은 자들이 인간의 탈을 쓰고 주변에 있다니...."
"대선주자 6명 ‘SNS 열쇠말’ 보면, 내년 대선구도 보인다",2021-03-09 04:59,2021.03.09 10:20,도랑,"자신의 정책이 아무리 좋은들 무엇하냐 결정적 중요 현안이나 제 식구 비리 범죄 행위가 드러날땐
이낙연 같은 인간은 침묵이 답이라며 피해 가버리는데 일국을 책임질 사람 정도되면
국민들에게 진실된소리를 내야하고 잘못된것이면 인정 사과하고 바로 잡을줄 알아야하는데
국민을 바보 취급하며 침묵이 답이라니 일국을 책임질 사람의 자세는 단연코 아니라고 본다"
"대선주자 6명 ‘SNS 열쇠말’ 보면, 내년 대선구도 보인다",2021-03-09 04:59,2021.03.09 11:45,HK555,"다른건 모르겠고, 남북관계 언급이 사라진 점은 마음에 든다.
옜날엔 잔칫날이나 장례식에 꼭 꼴보기 싫은 훼방꾼이 한명씩 끼어들어서 눈살을 찌푸리게 만들곤 했다.
이번 대선에선 꼴보기 싫은 얼굴 안보고 지나갔으면 좋겠다."
"대선주자 6명 ‘SNS 열쇠말’ 보면, 내년 대선구도 보인다",2021-03-09 04:59,2021.03.09 11:39,식민지 국민들,"성추행당 민주당~~~ 물건너 같당~~~~ 추잡한짓 그만하고,,,,, 속죄하면서 살거라~~~"
"대선주자 6명 ‘SNS 열쇠말’ 보면, 내년 대선구도 보인다",2021-03-09 04:59,2021.03.09 11:38,Harry Oh,"역적 조꽥이나 애미추가 나와라.
잘난척 하는것들 어서 기어나와 뎀벼라."
"대선주자 6명 ‘SNS 열쇠말’ 보면, 내년 대선구도 보인다",2021-03-09 04:59,2021.03.09 11:38,식민지 국민들,"서울 시장은 안철수로 가는 분위기이구나……. 민주당도 싫고, 국민의힘도 싫고,,,, 차라리 철수를 찍는게 낫다 싶어하는 민심,,,,,,,"
"대선주자 6명 ‘SNS 열쇠말’ 보면, 내년 대선구도 보인다",2021-03-09 04:59,2021.03.09 10:55,양선수,"열쇠말?
키워드가 영어여서 고쳐쓴건가?
기자는 영어단어를 직역하면 한글사용이라고 생각하나?
그럼 SNS는 왜 한글로 안고쳐 쓰는거지?
Keyword를 이해못하는 사람이 많겠나 아니면 열쇠말을 이상해하는 사람이 많겠나?
갑자기 댓글달게 되네."
"대선주자 6명 ‘SNS 열쇠말’ 보면, 내년 대선구도 보인다",2021-03-09 04:59,2021.03.09 10:20,도랑,"자신의 정책이 아무리 좋은들 무엇하냐 결정적 중요 현안이나 제 식구 비리 범죄 행위가 드러날땐
이낙연 같은 인간은 침묵이 답이라며 피해 가버리는데 일국을 책임질 사람 정도되면
국민들에게 진실된소리를 내야하고 잘못된것이면 인정 사과하고 바로 잡을줄 알아야하는데
국민을 바보 취급하며 침묵이 답이라니 일국을 책임질 사람의 자세는 단연코 아니라고 본다"
"대선주자 6명 ‘SNS 열쇠말’ 보면, 내년 대선구도 보인다",2021-03-09 04:59,2021.03.09 10:01,케이오비,승민이는 뭔존재감이 있나 대통령 깎아내리는 소리해데는 일밖에 없는듯 지가잘하면서 남을탓해야지 무조건 남탓 조상탓 뭘잘하는건지 도무지 없는것 같다 선거때만 나타나서 뚠금포 하는수준이하
"대선주자 6명 ‘SNS 열쇠말’ 보면, 내년 대선구도 보인다",2021-03-09 04:59,2021.03.09 09:48,에코빌러,"윤가놈은
적폐검찰 천국
검찰개혁 지옥"
"대선주자 6명 ‘SNS 열쇠말’ 보면, 내년 대선구도 보인다",2021-03-09 04:59,2021.03.09 09:38,hijoker****,"각설하고, 분명한 것은 이재명은 결코 민주당의 대선주자가 될 수 없다는 것이다."
"대선주자 6명 ‘SNS 열쇠말’ 보면, 내년 대선구도 보인다",2021-03-09 04:59,2021.03.09 09:37,terry,"지금 우리나라 각 부분중에서 가장 미진한 부분아 외교인데 아무도 외교에 신경을 쓰지 않는다. 중국과 미국, 일본 사이에서 어떻게 균형을 잡고 민족을 생존을 영위 할지, 아무리 내치를 이야기해도 중국, 미국과의 협력없이는 경제도, 안보도 확보하기 어려운데. 또 차악을 선택해야한다면 차라리 투표안하는 것이 더 저끅적인 의사표현일 것 같다."
"대선주자 6명 ‘SNS 열쇠말’ 보면, 내년 대선구도 보인다",2021-03-09 04:59,2021.03.09 09:07,Chak Hane,"민주당은 허경영을 영입해야 한다.
국민 1인당 1억씩 지급"
"대선주자 6명 ‘SNS 열쇠말’ 보면, 내년 대선구도 보인다",2021-03-09 04:59,2021.03.09 08:35,우헌암,"니들은 꼭 지난 얘기만 골라하니...다른 신문 전부 윤석열을 언급두만 니들은 왜 자꾸 빼냐...ㅉㅉㅉ
겁나기는 한가보군...ㅉㅉㅉ"
"대선주자 6명 ‘SNS 열쇠말’ 보면, 내년 대선구도 보인다",2021-03-09 04:59,2021.03.09 08:12,choi bk,내년에 검찰 조사 받을 여당인간들은 떨고 있을듯...윤총장 내년 대선 승리하면 정리 좀 해 주이소. ㅍㅎㅎㅎ
"대선주자 6명 ‘SNS 열쇠말’ 보면, 내년 대선구도 보인다",2021-03-09 04:59,2021.03.09 08:09,godee****,"윤석렬 32.4%? 여권의 대선주자는 전부 넣고 야권의 유력주자는 빼는 여론조사 결과? 여권 여론 조사 대상:이재명 이낙연 정세균 추미애 심상정 김두관 야권 여론 조사 대상:윤석렬 홍준표 유승민 원희룡 까지만 대상 안철수, 오세훈 뺀 여론조사 의도적으로 윤석렬 밀어주는 여론조사의 냄새,이런식으로 누군가가 의도했다면 또한번 보수진영의 몰락을 조장하는 꼴. 잔머리는 결국 본질을 흐리게 해 잠시나마 유권자를 호도 할 수 있으나 자멸의 길로......."
"국민의힘, ‘대선 주자’ 윤석열이 마냥 반갑지만은 않은 이유",2021-03-05 17:30,2021.03.05 17:47,rksk,"윤총장은 약간의 텀을 가지는 것이 필요하다.
몇 달 숙고의 기간을 가지고 올 해 하반기나 후반기쯤에서
입당하거나 정당에 소속되어 대선에 도전해보는 것도 괜찮다 생각한다.
정치는 국민 누구나 참여할 권리가 있다.
그리고 야당의 대선후보가 변변한 사람이 하나도 없으니
잘만 하면 대폭 국민의 지지를 받을 수도 있다고 본다.
대통령을 아무리 못한들 문재인만큼 못할리야 있겠는가."
"국민의힘, ‘대선 주자’ 윤석열이 마냥 반갑지만은 않은 이유",2021-03-05 17:30,2021.03.11 18:03,noa****,다들 반가워해....
"국민의힘, ‘대선 주자’ 윤석열이 마냥 반갑지만은 않은 이유",2021-03-05 17:30,2021.03.09 18:51,엄,"""제발 지랄 좀 마, 한겨례. 끝까지 추하다"" ..'엄'의 뼈 있는 한 마디"
"국민의힘, ‘대선 주자’ 윤석열이 마냥 반갑지만은 않은 이유",2021-03-05 17:30,2021.03.07 23:17,Ong Ya,"미국의 대국민 경기지원방식은 이재명 지사의 전국민 보편지급안과 다르고 이낙연 대표의 제안과 동급이다.
현정부와 이낙연 대표의 제안처럼 전국민 보다는 수입이 상위 그릅은 지급대상에서 제외하자는 것이었다. 부자에게 그 돈은 껌값인데 생색만 내느니 어려운 층에게 두텁게 주자는 것이 미국의 경우에서 보듯이 설득력이 있어보인다.
미국 상원에서 성인 1인당 1400달러를 현금으로 지급하기로 한 경기부양 법안은 전국민에게 주는 것이 아니다. 미국의 경기부양안에서는 현금 지급 수령 자격이 개인소득 연간 8만 달러 미만 또는 16만 달러 미만 가족소득으로 기준이 높아졌다. 미국 가정의 85%가 현금 지급 대상이며, 이달부터 받기 시작할 것이다.
이낙연 대표가 총리를 길게 경험하여 국정 운영감각이 깊다는 생각이 든다.
앞으로 차기 대통령감으로서 나라를 든든하게 발전시킬 안정감과 책임감이 높아 보인다."
"국민의힘, ‘대선 주자’ 윤석열이 마냥 반갑지만은 않은 이유",2021-03-05 17:30,2021.03.07 19:19,ji****,빙신아 ? ! 박그네를 잡아들였으면 좀더 있다가 따불빽민주당 문죄인하고 화염병 독재정권치하 구캐원숭이들 싹 다 잡아서 상계동 쓰레기 소각장에 처넣으면 대한민국 최고 영웅도되고 최고의 대통령도 되는건데 ~~~
"국민의힘, ‘대선 주자’ 윤석열이 마냥 반갑지만은 않은 이유",2021-03-05 17:30,2021.03.07 14:39,막시무스,교활 석렬 준표 3검사가 지배하는 틀을딱 태극기 세상 ㅋㅋ 재밌겠어 검새들이 지배하는 세상이라
"국민의힘, ‘대선 주자’ 윤석열이 마냥 반갑지만은 않은 이유",2021-03-05 17:30,2021.03.07 13:33,slmt,자기를 임명해 준 대통령을 부패완판이라고 모욕을 주고 떠난 윤석열은 참으로 개만도 못한 개.새.끼.다. 개도 자기에게 밥을 주는 주인은 물지 않는다. 국민을 개돼지 취급하지 마라. 나쁜 저질인간.
"국민의힘, ‘대선 주자’ 윤석열이 마냥 반갑지만은 않은 이유",2021-03-05 17:30,2021.03.07 10:38,sho****,"황교활이가?
이육사 열사를
이완용이 아니고!
이육사 선생께서 땅을 치고 통곡하실 일이다..."
"국민의힘, ‘대선 주자’ 윤석열이 마냥 반갑지만은 않은 이유",2021-03-05 17:30,2021.03.07 10:21,tjdwh****,"노지원, 서영지 또 니들이냐? 얼마전에 다른 기자가 그동안에 있었던 법조계 관련 기사의 내용과 단어가 부적절 했다고 사과형식의 글도 썼더만 버릇을 못고쳤네.
국짐의원한테 썼던 주장이라고 쓰면 될것을 뭘 평가절하라고 약을 파냐.
하여간 이래서 법조기. 레. 기들은 안 된다는 거야."
"국민의힘, ‘대선 주자’ 윤석열이 마냥 반갑지만은 않은 이유",2021-03-05 17:30,2021.03.07 09:43,행복추구,"잠깐 지지율있다고 대선주자냐? 기레기야..
검새는 그만두면 땡이다. 그동안 역사에서 뭐?배웠냐?"
"국민의힘, ‘대선 주자’ 윤석열이 마냥 반갑지만은 않은 이유",2021-03-05 17:30,2021.03.07 09:26,nn****,"여건 야건간에 정치하는 것들 욕심은 표계산에 가 있고 유권자를 이용해 먹기 위한 선동질에 골몰할 뿐이다. 박정희나 전두환 정권 반대투쟁은 주사파 똘만이새끼들의 전유물이 아니고 촛불 역시 데모에 동참했던 대중의 공로인데도 데모주동자 몇놈이 단물 다 빨아 먹으며 3선, 4선씩 해 처 먹고 나라를 동네 구멍가게 장사하듯이 끌고 가는게 정상은 아니라고 본다. 노무현이 후광으로 청기와집 바지사장으로 앉아 있는 문어벙이도 마찬가지고. 유권자의 권리는 세금을 내는데서 시작되는 바 내가 낸 세금이 어떻게 쓰였는지를 들여다봐야 한다."
"국민의힘, ‘대선 주자’ 윤석열이 마냥 반갑지만은 않은 이유",2021-03-05 17:30,2021.03.07 07:32,000000,짜장이 국짐 X맨.
"국민의힘, ‘대선 주자’ 윤석열이 마냥 반갑지만은 않은 이유",2021-03-05 17:30,2021.03.06 18:40,12****,"황교활 뭐라도 해야한다고, 집에서 청소하고 설거지나 해야지"
"국민의힘, ‘대선 주자’ 윤석열이 마냥 반갑지만은 않은 이유",2021-03-05 17:30,2021.03.06 18:18,000000,"석열이 깜이 되나?
그냥 조직에 해가되지.
ㅉㅉ"
"국민의힘, ‘대선 주자’ 윤석열이 마냥 반갑지만은 않은 이유",2021-03-05 17:30,2021.03.06 13:36,라라라,"무식한 뚱땡이가 왜구들 속으로 들어가겠구멈
윤가놈이 대통령은 지구가 두쪽이 나도 되지 않는다
제2의 박통이 나오지는 않겠지"
"국민의힘, ‘대선 주자’ 윤석열이 마냥 반갑지만은 않은 이유",2021-03-05 17:30,2021.03.06 11:38,김문경,"지 뒤에 개검 수천명이 진을 치고 있다는 거거로 검찰총장은 광적인 존재가 되는 거다
반면
윤석열이 검새들에게 뒷배로의 역활을 할 수 없을 떄는 그야말로 코푼 휴지다
윤석열이 옷을 벗는 순간 끈떨어진 연이고 코푼 휴지다
코푼 휴지는
휴지통으로 직행치 않으면
구둣발에 밟히는 게 순리다"
"국민의힘, ‘대선 주자’ 윤석열이 마냥 반갑지만은 않은 이유",2021-03-05 17:30,2021.03.06 10:20,gog,결국에는 뒈지고만다.
"국민의힘, ‘대선 주자’ 윤석열이 마냥 반갑지만은 않은 이유",2021-03-05 17:30,2021.03.06 10:19,gog,"국민의적 친일매국노들 개썩럴이 주워다가 친일매국노둘 수장으로 묘셔라, 니넘들 중에는 개썩럴이만한 인물도 없잖냐? 정치개검이라도 괜찮를거다."
"국민의힘, ‘대선 주자’ 윤석열이 마냥 반갑지만은 않은 이유",2021-03-05 17:30,2021.03.06 10:01,하루살이,헌법과 법치주의를 지킨다고??? 강도가 강도를 잡겠다고???
"국민의힘, ‘대선 주자’ 윤석열이 마냥 반갑지만은 않은 이유",2021-03-05 17:30,2021.03.06 09:46,신천옹,"텐프로 출신이 영부인,국모? 이게 말이 되냐!!"
"국민의힘, ‘대선 주자’ 윤석열이 마냥 반갑지만은 않은 이유",2021-03-05 17:30,2021.03.06 09:34,천수천안,"마누라의 전력이 수면으로 부상하는 날이
종치는 날,,,하하.."
"국민의힘, ‘대선 주자’ 윤석열이 마냥 반갑지만은 않은 이유",2021-03-05 17:30,2021.03.06 09:29,s****,"아직도 윤가 사진이냐
다른 뉴스 안해"
"국민의힘, ‘대선 주자’ 윤석열이 마냥 반갑지만은 않은 이유",2021-03-05 17:30,2021.03.06 09:03,커피홀릭,
"국민의힘, ‘대선 주자’ 윤석열이 마냥 반갑지만은 않은 이유",2021-03-05 17:30,2021.03.06 09:00,커피홀릭,
"국민의힘, ‘대선 주자’ 윤석열이 마냥 반갑지만은 않은 이유",2021-03-05 17:30,2021.03.06 08:32,무는개,국민의짐은 이미 경쟁력상실했다는 반증ㅎㅎ
"국민의힘, ‘대선 주자’ 윤석열이 마냥 반갑지만은 않은 이유",2021-03-05 17:30,2021.03.06 08:06,sj****,"차기 대선은 하나 마나
충청 경상 합치면
끝
더불어 깐죽되어 봐야
호남당"
"국민의힘, ‘대선 주자’ 윤석열이 마냥 반갑지만은 않은 이유",2021-03-05 17:30,2021.03.06 07:52,그때그곰,반가운데? ㅋㅋㅋㅋ
"국민의힘, ‘대선 주자’ 윤석열이 마냥 반갑지만은 않은 이유",2021-03-05 17:30,2021.03.06 07:26,커피홀릭,떡검과 국민의힘. 둘이 아주 잘어울린다 ㅋ
"국민의힘, ‘대선 주자’ 윤석열이 마냥 반갑지만은 않은 이유",2021-03-05 17:30,2021.03.06 07:25,커피홀릭,
"국민의힘, ‘대선 주자’ 윤석열이 마냥 반갑지만은 않은 이유",2021-03-05 17:30,2021.03.06 06:56,bso****,"415부정선거의혹부터 ..
철저히 밝히고 시작합시다"
"국민의힘, ‘대선 주자’ 윤석열이 마냥 반갑지만은 않은 이유",2021-03-05 17:30,2021.03.06 06:32,디커,"자기 이익을 위해 떠들석하게 퇴임하는군 정치하는 나이키넘들은 국민 팔아 먹는게 정석인가?
자기들 욕심(아욕)에 왠 국민 써을 넘들 이작자도 사 ㄱ ㅣ꾼"
"국민의힘, ‘대선 주자’ 윤석열이 마냥 반갑지만은 않은 이유",2021-03-05 17:30,2021.03.06 03:51,000000,"많은 분들이 정확히 윤석열에 대해 지적해주셨는데요
양식이 있는 분들이십니다.
지금 정부가 부동산 세금 문제와 몇가지만 수정하면 금상첨화 일 텐데. ..."
"국민의힘, ‘대선 주자’ 윤석열이 마냥 반갑지만은 않은 이유",2021-03-05 17:30,2021.03.06 03:44,유한계급,고딩 표창장 털다가 대선으로..인물이 없긴 없나보네
"국민의힘, ‘대선 주자’ 윤석열이 마냥 반갑지만은 않은 이유",2021-03-05 17:30,2021.03.06 02:31,깡다리,"제집단속도 못하는인간이 대선출마? 웃기는 짜장들이네
국가의 녹을먹던 앞뒤막힌 제2의 황교안 전철을 밟고 골로가리라"
"국민의힘, ‘대선 주자’ 윤석열이 마냥 반갑지만은 않은 이유",2021-03-05 17:30,2021.03.06 01:03,Tom Lee,"토착왜구당과 늙은 태극기들이 윤석열을 지지하는걸 보면 한심함을 넘어 그 허접한 기억력이 놀랍다.
불과 4년전 윤석열이 박그네를 수사하고 서울지검장으로 복귀할때 지들이 어떤짓들을 했는지 벌써 잊었나... 윤석열이 마치 지들편인걸로 착각하는 모양인데.. 검새들은 검새아니면 다 적이다."
"국민의힘, ‘대선 주자’ 윤석열이 마냥 반갑지만은 않은 이유",2021-03-05 17:30,2021.03.06 01:00,dothemath,"ㅎㅎㅎ 겉으로야 환영하겠지만, 속으로 생각하면 본인들은 얼마나 난감할까
참,, 인재도 없지.. 지지를 해주고 싶어도 도대체 인간같은 것들이 있어야 생각이라도 해볼것 아냐..

안철수는 가는곳마다 당을 깨고 다녔는데,
윤석열은 가는곳마다 개혁의 불쏘시개가 될것은 뻔해보인다.
누구말을 듣겠어? 그냥 하는짓이 좌충우돌 멧돼진데.. 정치? 지 똥부터 먼저 닦는게 순서다.
수신제가...... 이런말 못들어봤남"
"국민의힘, ‘대선 주자’ 윤석열이 마냥 반갑지만은 않은 이유",2021-03-05 17:30,2021.03.06 00:19,slmt,국짐당이 윤석열 같은 개차반을 받는다면 영원히 구제불능이 될 것이다. 윤석열은 끝까지 검찰의 수사 조작사건이 밝혀지지 않도록 혼자 수사해온 임은정검사를 직무배제 시키고 떠났다.이 개.새.끼.는 끝까지 국민을 우롱하고 개돼지 취급하고 있다.가장 파렴치한 놈. 개삽새끼.
"국민의힘, ‘대선 주자’ 윤석열이 마냥 반갑지만은 않은 이유",2021-03-05 17:30,2021.03.05 23:18,stone490,이회창. 반기문 선생께서 친히 한 말씀해 주셔야 알아 들을까?
"국민의힘, ‘대선 주자’ 윤석열이 마냥 반갑지만은 않은 이유",2021-03-05 17:30,2021.03.05 22:48,lion,"윤석렬 총장은 어쩔수 없이 나올수 밖에 없었다.
가장 기본적인 상식과 법이 통하지 않는 정권 하에서
집행 할 수 있는 법 마져도 막아버리는 현정부 밑에서
삼권분립은 말로만 외치지 소귀에 경 읽기였다.
말로는 민주주의를 외치면서 악법을 숫자로 몰아 붙이는
가장 독재스러운 정부다.
언제까지 이러는지 국민의 한사람으로서 두고 보겠다."
"국민의힘, ‘대선 주자’ 윤석열이 마냥 반갑지만은 않은 이유",2021-03-05 17:30,2021.03.05 21:40,SKY,장모님~ 기대가 커요~
"국민의힘, ‘대선 주자’ 윤석열이 마냥 반갑지만은 않은 이유",2021-03-05 17:30,2021.03.05 21:40,Sangbong,"검찰총장이 법치 언어가 아니라 '살아있는 권력수사'란 미명으로 정치 언어를 사용할 때,
거기엔 이미 정치권력을 좌지우지 하려는 권력의지의 정치적 편파성이 내재되어 있었고
여기에 정치소모의 짜맞추기식 기획수사는 선택적 정의라는 비판에서 자유로울 수 없다.
그렇게 검찰의 공정성을 실추시키며 정치권력의 알을 까면 검찰의 법치주의는 손상된다.

남의 둥지에 제 알을 낳으려 종편 뻐꾸기들은 그렇게도 요란스레 울어 댔나 보다.
남의 둥지 새끼는 표창장으로 밀어 추락시키고 반골의 정치적 발판을 다진 새 뻐꾸기는
이제 정치권력 찬탈의 새로운 비상을 꿈꾸며 국가 소모전의 또다른 풍파를 낳으려 한다...

어쨌든, 호들갑스레 '국민을 섬긴다'는 악어의 눈물로 국민을 기만하는 정치검찰이 아니라
법치에 따라 범죄를 공정하게 단죄하는 국가의 버팀목으로서 검찰 본연의 모습을 기대해 본다."
"국민의힘, ‘대선 주자’ 윤석열이 마냥 반갑지만은 않은 이유",2021-03-05 17:30,2021.03.05 21:19,저격수,"尹石咽 때문에 국민의 적은 자중지란, 이전투구, 아비규환, 갈팡질팔 등등등....
온갖 해괴한 일들이 벌어질 것이다.
당장 봐라. 홍발정의 공격이 시작이 됐지? ㅋㅋ
국민의적 내부에서 권력을 지향하는 자들이 얼마나 많은 데...
그냥 좌시하고 모른 척 받아 줄 것 같으냐?
또 감옥에 있는 박년의 지지자 개, 돼지들이 가만히 있을 것 같으냐?
폭탄을 가슴에 품고 전전긍긍할 날이 멀지 않았다.
내 예언이 틀리면 손에 잘을 지진다. ㅋㅋㅋ"
"국민의힘, ‘대선 주자’ 윤석열이 마냥 반갑지만은 않은 이유",2021-03-05 17:30,2021.03.05 20:45,빛이-어둠을,흐흐흐 윤서방 왔는가! 땡큐~ 아리가또 토오나온다요 ㅋ
"국민의힘, ‘대선 주자’ 윤석열이 마냥 반갑지만은 않은 이유",2021-03-05 17:30,2021.03.05 20:34,한량,"국힘이 바보가 아닌다음에야 윤석열을 영입하겠습니까?
안철수가 예언했듯이 문재인 정권 4년내내 울산시장 선거개입,원전조기폐쇄,조구기추미애 가족비리,유재수 감찰 무마,라임옵티머스 숨쉴틈없이 이어오고 있는 권력형 부정비리 사건하나 제대로 처리못하고 조구기추미애박범계와 싸움질만 하다 철수한 윤석열을 어디다 쓰게요?
윤석열은 jtbc 손석희의 가짜 최순실태블릿pc 보도에 의한 대통령 탄핵사태라는 국기문란범죄라는 원죄가 있는 사람입니다.
윤석열이 그간 대선후보로 이름이 오르내린건 그가 유능해서가 아니라 문재인이 수준 이하의 부하 조구기추미애박범계와의 갈등 때문이었어요.
조구기추미애박범계없는 윤석열은 맹탕입니다.
1년 이상 총장직에 앉아서 그가 무슨 일을 했지요?
직권남용직무유기란 이름으로 전 정권 인사들에 대해 정치보복 하듯이 조구기추미애 속전속결로 단죄했나요?
위안부 팔이 사기꾼 윤미향, 울산시장 선거개입 관련 황운하조구기임종석..이런 애들 수사했나요?
라임옵티머스는요?
국기문란성 사건 원전조기폐쇄 조사는 진행중인가요?
도대체 뭘했나요?
유일하게 기억나는건 꼴통 추미애와 싸움질하는것, 그외 그가 문재인 주변 간신들 제대로 단죄할 의사가 있긴있었나요?
결과적으로 윤석열은 문재인 세력과 더불어 대한민국 검찰을 완전히 망가뜨린 당사자로서 정치적 역사적 책임을 묻지않을 수 없으며 문통4년 내내 이어온 국기문란성 권력형 부정비리 사건을 뭉겐 직무유기의 죄를 받게 될 것입니다."
"국민의힘, ‘대선 주자’ 윤석열이 마냥 반갑지만은 않은 이유",2021-03-05 17:30,2021.03.05 20:28,커피홀릭,
"국민의힘, ‘대선 주자’ 윤석열이 마냥 반갑지만은 않은 이유",2021-03-05 17:30,2021.03.05 20:13,wor****,"윤석열이도 이기지 못하면,
민주당은 당연히 사라져야 한다 !!"
"국민의힘, ‘대선 주자’ 윤석열이 마냥 반갑지만은 않은 이유",2021-03-05 17:30,2021.03.05 20:02,생각,
"국민의힘, ‘대선 주자’ 윤석열이 마냥 반갑지만은 않은 이유",2021-03-05 17:30,2021.03.05 19:53,min,"건들건들 석렬, 과대망상 구총장 ~~~왕짜장
기사 좀 내여주삼요"
"국민의힘, ‘대선 주자’ 윤석열이 마냥 반갑지만은 않은 이유",2021-03-05 17:30,2021.03.05 19:49,아직도청춘,
"국민의힘, ‘대선 주자’ 윤석열이 마냥 반갑지만은 않은 이유",2021-03-05 17:30,2021.03.05 19:48,Moonga뻑,"대깨문 새끼덜 분노가 식을줄 모르누만
댓글에 노기와 분노가 배여 있구만 그려
허기사 그런 압박을 받으면서도 조국이 가족 다 잡아 똥치 추미애 잡아
인자 소대가리 잡으러 검찰도 떠났으니껜
산에서 내려 온 호랭이여 호랭이"
"국민의힘, ‘대선 주자’ 윤석열이 마냥 반갑지만은 않은 이유",2021-03-05 17:30,2021.03.05 19:47,Moonga뻑,"대깨문 새끼덜 분노가 식을줄 모르누만
댓글에 노기와 분노가 배여 있구만 그려
허기사 그런 압박을 받으면서도 조국이 가족 다 잡아 똥치 추미애 잡아
인자 소대가리 잡으러 검찰도 떠났으니껜
산에서 내려 온 호랭이여 호랭이"
"국민의힘, ‘대선 주자’ 윤석열이 마냥 반갑지만은 않은 이유",2021-03-05 17:30,2021.03.05 19:39,detective innet,국민은 쿠데타보다 더 암울한 검찰 독재권력 검찰공화국을 원치 읺을 것이다
"국민의힘, ‘대선 주자’ 윤석열이 마냥 반갑지만은 않은 이유",2021-03-05 17:30,2021.03.05 19:36,slmt,"윤가놈, 별 지저분한 새끼, 처음 본다. 아새끼가 싫어서 그만두었으면 되었지, 뒷말이 많은 것이 껄렁패보다 못한 놈이다.. 에이 추잡한 놈."
"국민의힘, ‘대선 주자’ 윤석열이 마냥 반갑지만은 않은 이유",2021-03-05 17:30,2021.03.05 19:29,자유 평등,"철수당이나 국민의 힘당이나 윤석렬이나 이난국에 국민을 위해 하는 일이 뭐가 있는가?
쓰레기들이 모여서 살아가는 인간 쓰레기를 보는 듯하다.
자유와 정의를 사랑하는 대한민국 국민이 반드시 치워버리자."
"국민의힘, ‘대선 주자’ 윤석열이 마냥 반갑지만은 않은 이유",2021-03-05 17:30,2021.03.05 19:18,파주댁,ㅉㅉ 걱정마라 ! 양 정당아 ! ㅉㅉ 돼지 이미지로는 큰 정치 못한다 ㅉㅉ
"국민의힘, ‘대선 주자’ 윤석열이 마냥 반갑지만은 않은 이유",2021-03-05 17:30,2021.03.05 19:09,shimheungman,"윤가를 비호하고 없으면 죽을것같던 놈들이 막상 물러나니 나몰라라
이것들이 수류탄 돌리기를 하려나
이참에 국민의적이 국민의 적을 하나 더 입당시키지
정치는 민심을 먹고 사는 집단인데
너희는 민심과 반대로만 가느냐"
"국민의힘, ‘대선 주자’ 윤석열이 마냥 반갑지만은 않은 이유",2021-03-05 17:30,2021.03.05 19:08,무울,"뭔소리인지.본디.도다리.눈이였는대...고향으로,돌아간것.,같은대.."
"국민의힘, ‘대선 주자’ 윤석열이 마냥 반갑지만은 않은 이유",2021-03-05 17:30,2021.03.05 19:04,느리게먹고살기,국힘은 뭘해도 안돼..왜냐면 국힘이 집권하면 지난 70년간의 역사를 되풀이하기때문이야..이재명이만큼 세상을 바꾸기 힘들지..즉 이재명만큼 기대가 큰 사람이 없어 니네는...
"국민의힘, ‘대선 주자’ 윤석열이 마냥 반갑지만은 않은 이유",2021-03-05 17:30,2021.03.05 18:59,느티나무,"썩열씨가 '리얼구라미터'같은 뭣같은 곳에서 발표한 지지도만 믿고 정말 대권에 나오려나보다. 생각보다 멍청하기가 그지없는 사람이구만. 콩가루 집구석부터 시작해서 정치검사 시절 싸질러놓은 비리들이 득시글 거리는데, 정계 진출해서 그거 다 감당할 수 있겠어? 사회적으로 매장당하고 국민들에게 잊혀질것을.... 모자란 사람같으니라고...."
"국민의힘, ‘대선 주자’ 윤석열이 마냥 반갑지만은 않은 이유",2021-03-05 17:30,2021.03.05 18:57,Moonga뻑,"호랭이가 내려 왔는데
어찌 겁을 안먹겄냐
소인배 새끼덜 겁 좀 쳐먹을 것이여"
"국민의힘, ‘대선 주자’ 윤석열이 마냥 반갑지만은 않은 이유",2021-03-05 17:30,2021.03.05 18:57,blueeye****,보수로 중도표를 흡수하라 충청대통령이면 중도고 뭐고 더필요없다정책도ㅜ필요없다 경상도와ㅜ손잡고 충청800만명으로 밀어붙여 불도저처럼 수도이전 할지모르겠다 충청대통령으로
"국민의힘, ‘대선 주자’ 윤석열이 마냥 반갑지만은 않은 이유",2021-03-05 17:30,2021.03.05 18:56,blueeye****,윤석열 트럼프처럼 나오면 망한다 대북발언하고 보수로 굳히고 홍준표와ㅜ정면대결 피하지말라 중도표 충청대통령이면 다 필요없다ㅜ중도표도 충청사람 대통령 돼야지 충청사람 윤석열 안찍으면 사람도 아니다
"국민의힘, ‘대선 주자’ 윤석열이 마냥 반갑지만은 않은 이유",2021-03-05 17:30,2021.03.05 18:54,Moin,"풋내나는 여식아들아, 네들 나름데로 분석은 한다만 민주당직자 말 같이 조금도 걱정 할 필요가 없단다.
차차 썩렬이가 정치판에 정식으로 발을 뒤딜때는 네들 기자들은 썩렬이가 꼼쳐 둔 정치 자금이 어디서 나오는지 부터 살펴 보아라. 행여 썩렬이며 지 처가가 옵티머스 사기 사건에서 거금을 꼼쳐 두지는 않았는지 그 것만 함 살펴 보아라. 나머지는 자중지란 홍준표가 썩렬이가 어떤 인간인지 밝혀줄테고, 은근히 대통령 병에 걸린 영감탱이가 또 황교안이랑 서로 치고 받다 지들 본색만 다 드러낼 것이다."
"국민의힘, ‘대선 주자’ 윤석열이 마냥 반갑지만은 않은 이유",2021-03-05 17:30,2021.03.05 18:51,blueeye****,주호영 김종인과 짝자꿍해서 넌 안돼 대통령 정신차려 주호영 국회의원도 이번에 마지막일거다
"국민의힘, ‘대선 주자’ 윤석열이 마냥 반갑지만은 않은 이유",2021-03-05 17:30,2021.03.05 18:50,blueeye****,윤석열 호탕하다 충청출신인데 윤석열이 뭐가 문제냐 정책이 왜 필요하냐 충청출신인데 수도이전도 할꺼같다ㅜ윤석열 대통령 되면
"국민의힘, ‘대선 주자’ 윤석열이 마냥 반갑지만은 않은 이유",2021-03-05 17:30,2021.03.05 18:47,blueeye****,주호영 넌 안돼 대통령 들어가라 이번이 마지막 국회의원일거다
"국민의힘, ‘대선 주자’ 윤석열이 마냥 반갑지만은 않은 이유",2021-03-05 17:30,2021.03.05 18:32,malre,"기득권 권력을 이용한 극단이기주의자 윤석열의 행태가 그렇게 보기 좋던가요?
윤석열은 고단수 관종주의자이다
깽판공무원으로써 자족할진 몰라도 국민의 입장에선 엄청난 스트레스였다
백만공무원들이 입이 없어서 기본을 지켰을까요
윤석열의 말들은 전부다 어불성설입니다.
정치판에 끼워들어오면 한방에 k.o시킬 국민들이 너를 기다리고 있다
격투기 k1 수준으로 생각하고 링에 올랐다면 큰 착오다
현실의 정치판은 ufc 경기와 흡사하다
함 된통 당해봐라~~~~"
"국민의힘, ‘대선 주자’ 윤석열이 마냥 반갑지만은 않은 이유",2021-03-05 17:30,2021.03.05 18:27,slmt,"윤석열 지지하던 검사새끼들 , 뭐하나 ? 의리를 지켜서 전부 사표쓰고 나가라. 쪼오다 새끼들아."
"국민의힘, ‘대선 주자’ 윤석열이 마냥 반갑지만은 않은 이유",2021-03-05 17:30,2021.03.05 18:26,nks0113,대통은 정직하고 역사관이 있어야 하고 더구나 이 지구상 최고의 특출한 인재가 넘치는 대한민국이다. 인재를 잘 발탁하고 올곧은 마음만 가지더라도... 내가 대통령 해도 지금보다는 훨신 잘할 수 있다
"국민의힘, ‘대선 주자’ 윤석열이 마냥 반갑지만은 않은 이유",2021-03-05 17:30,2021.03.05 18:23,HANBEOM,"아니 윤석열이 대통령 된다고 자기네들이 얻을게 있고 자리가 보장이 되야 신임하는거지
안철수랑 똑같은거임"
"국민의힘, ‘대선 주자’ 윤석열이 마냥 반갑지만은 않은 이유",2021-03-05 17:30,2021.03.05 18:22,nks0113,제목을 보니 역시 한겨레스럽다. 공정보도 하면 안되나?
"국민의힘, ‘대선 주자’ 윤석열이 마냥 반갑지만은 않은 이유",2021-03-05 17:30,2021.03.05 18:22,아직도청춘,석열이 화이링~
"국민의힘, ‘대선 주자’ 윤석열이 마냥 반갑지만은 않은 이유",2021-03-05 17:30,2021.03.05 18:14,돌방랑객,"대선 나온다니 ?
물어나 봤냐고?
정무감각 없는 사람이 정치라.....
내각제나 하자."
"국민의힘, ‘대선 주자’ 윤석열이 마냥 반갑지만은 않은 이유",2021-03-05 17:30,2021.03.05 18:07,Gary cooper,"민주당 대의원의 페이스북에서 옮김
“하나님이 우리 민주당을 사랑하시사 이회창을 보내주셨다.
덕분에 1997년 사상 최초로 정권교체를 하고
2002년 다시 등판시켜 재집권까지 할 수 있었다.
상대가 이회창이 아니었다면 불가능한 일이었다.
그런데 이번에도 하나님이 우리 민주당을 사랑하시사
윤석열을 보내주시려는 것 같다.
윤석열이 야권 후보로 나서준다면
우리로서는 너무나 감사한 일이 될 것이다.”"
"국민의힘, ‘대선 주자’ 윤석열이 마냥 반갑지만은 않은 이유",2021-03-05 17:30,2021.03.05 17:47,rksk,"윤총장은 약간의 텀을 가지는 것이 필요하다.
몇 달 숙고의 기간을 가지고 올 해 하반기나 후반기쯤에서
입당하거나 정당에 소속되어 대선에 도전해보는 것도 괜찮다 생각한다.
정치는 국민 누구나 참여할 권리가 있다.
그리고 야당의 대선후보가 변변한 사람이 하나도 없으니
잘만 하면 대폭 국민의 지지를 받을 수도 있다고 본다.
대통령을 아무리 못한들 문재인만큼 못할리야 있겠는가."
[KSOI] 차기 대선후보 적합도 윤석열 39.1%…‘독주’ 양상 뚜렷,2021-03-22 09:14,2021.03.22 09:42,겨울모자,"국민이 치루고싶은 내년 대선은 윤석열 vs 추미애의 2라운드 .
추미애씨 꼭 성폭력 투기 민주당의 대선 후보로 나와주세요.
추미애씨는 코로나로 힘든 국민에게 볼거리와 카타르시스를 주기 바랍니다.
윤석열 80% , 추미애 20% 대선 결과면 국민에게 속죄하는 겁니다"
[KSOI] 차기 대선후보 적합도 윤석열 39.1%…‘독주’ 양상 뚜렷,2021-03-22 09:14,2021.03.31 12:39,ideainte****,"반드시 단일후보윤석열 출마 당선 그후 명박근혜 취임후사
면 해주고 내년 오월부터 쩝쩝이와 떠블공산당종자들비리수사후 육월에 쩝쩝이구속후 떠블공산당출신앞잡이들 전부구속하자"
[KSOI] 차기 대선후보 적합도 윤석열 39.1%…‘독주’ 양상 뚜렷,2021-03-22 09:14,2021.03.23 21:48,김인석,"이런 범죄자 새끼 나오면 땡큐...
어떻 범죄를 저질렀을까?
사기꾼 장모 범죄6건 뒤봐주기...
처 주가조작 및 헐값전환사채 뒷봐주기
댜한민국의 국모대상이 라마다 르네상스
줄리란 사실을 알고도 국민이 좋아할까?
옵티머스 5억 뇌물 수수설까지...
뭐 역시 위증 교사한 검찰 쓰레기의 한때 수장답네...
이정도는 되어야...
쓰레기 검찰의 수장이 되지...
안 그러냐 기레기들아...
아. 조만간 언론과 검찰과 재벌 젓되는 일 나온다."
[KSOI] 차기 대선후보 적합도 윤석열 39.1%…‘독주’ 양상 뚜렷,2021-03-22 09:14,2021.03.23 10:48,쉬어가는구름,알았고 니마누라와 니마누라 애미수사좀 해봐라 내 듣자하니 너 검사했었다면서??? 아닌가?? 난 그리 알고있는데....검사했었다면 수사 잘할거잖아
[KSOI] 차기 대선후보 적합도 윤석열 39.1%…‘독주’ 양상 뚜렷,2021-03-22 09:14,2021.03.23 10:12,또로롱,미래 촬스형
[KSOI] 차기 대선후보 적합도 윤석열 39.1%…‘독주’ 양상 뚜렷,2021-03-22 09:14,2021.03.23 09:57,촌장,"민도가 낮은건지..국민성이 한심한건지..세상이 말세인건지..
좋은세상 꿈꾸며 사는게 이리도 어렵고 힘든겐지 .참..슬프네"
[KSOI] 차기 대선후보 적합도 윤석열 39.1%…‘독주’ 양상 뚜렷,2021-03-22 09:14,2021.03.23 09:24,박영국,법조인이 나라를 다스린다? 정말 한번 생각해 봐야 할 문제 대한민국은 일제 강점기 이 완용부터 법조인이었고 그들은 너무나 많은 것을 누려왔다 . 즉 외신에 의해 한국인의 기적이라고 불릴 많큼 검찰 10년이면 부자 아닌 놈이 없었다. 물론 과거 일이고 윤석열의 일은 아닐수도 있다. 그러나 국민은 그 시궁창에서 자란 사람에 뭘 기대를 하는 지 알 수가 없다.
[KSOI] 차기 대선후보 적합도 윤석열 39.1%…‘독주’ 양상 뚜렷,2021-03-22 09:14,2021.03.23 09:12,이은희,"왕은 무조건 이재명 대통령님
진짜왕도 ᆢ이재명대통령님 ᆢ
국민을 살리는 왕 이재명 대통령님 이시닷"
[KSOI] 차기 대선후보 적합도 윤석열 39.1%…‘독주’ 양상 뚜렷,2021-03-22 09:14,2021.03.23 09:03,이은희,"왕은 이재명 대통령님
무조건 이재명 대통령님 ᆢ
진심으로 국민들을 위해 목숨바치는분
문통님
이재명님
초심백은종 뿐이다
이재명 대통령님 최고다"
[KSOI] 차기 대선후보 적합도 윤석열 39.1%…‘독주’ 양상 뚜렷,2021-03-22 09:14,2021.03.23 08:59,이은희,"한겨레 ᆢ 왕은 이재명 대통령님 이시다
무조건 ᆢ이재명대통령님 당선되신다
이런건 ᆢ 방송보내지마랏 ᆢ 더블어당편 언론사는 한개도 없다
한겨레라도 도와주셔요 ᆢ
왕은 무조건 이재명 대통령님 이시다
국민를 진심으로 지켜주고 도와주신다
이런보도는 앞으로하지마랏 ᆢ"
[KSOI] 차기 대선후보 적합도 윤석열 39.1%…‘독주’ 양상 뚜렷,2021-03-22 09:14,2021.03.23 08:05,kjr68****,무협지 쓰는군 ㅋㅋ 개는 개다 미친개 몽둥이가 약 ㅉㅉㅉ 똥개만도 못한 새끼를 ㅋㅋ
[KSOI] 차기 대선후보 적합도 윤석열 39.1%…‘독주’ 양상 뚜렷,2021-03-22 09:14,2021.03.23 01:35,집주인,"범개가 윤총장 사퇴시키고 정치할 맘도없는 사람 대권에 나오게 하더니, 이제 대놓고 지지율 올려주려고 기를 쓰네! 완전히 춤이애 시즌 2야!"
[KSOI] 차기 대선후보 적합도 윤석열 39.1%…‘독주’ 양상 뚜렷,2021-03-22 09:14,2021.03.22 21:31,Nullnury,발 못 뻗고 자는 분 계신다...
[KSOI] 차기 대선후보 적합도 윤석열 39.1%…‘독주’ 양상 뚜렷,2021-03-22 09:14,2021.03.22 21:29,Nullnury,죗값을 받아야. 그래야 전직들과도 형평이 맞지 않으랴
[KSOI] 차기 대선후보 적합도 윤석열 39.1%…‘독주’ 양상 뚜렷,2021-03-22 09:14,2021.03.22 21:28,Nullnury,"정치보복은 원하지 않는다, 그러나 지난 4년을 되돌아보면 조무라기 다 빼고 한 인간은 꼭"
[KSOI] 차기 대선후보 적합도 윤석열 39.1%…‘독주’ 양상 뚜렷,2021-03-22 09:14,2021.03.22 19:48,김재원,L H 수사를 제데로 하는건지 안하는건지 윤석열이 대통령뽑아 민주당 적폐를 청산되어야한다
[KSOI] 차기 대선후보 적합도 윤석열 39.1%…‘독주’ 양상 뚜렷,2021-03-22 09:14,2021.03.22 19:36,lisachoi****,놀고들 있네. 걸레를 절대 그냥 둘순 없지!!!
[KSOI] 차기 대선후보 적합도 윤석열 39.1%…‘독주’ 양상 뚜렷,2021-03-22 09:14,2021.03.22 19:13,사랑한다면,지랄ㅋ
[KSOI] 차기 대선후보 적합도 윤석열 39.1%…‘독주’ 양상 뚜렷,2021-03-22 09:14,2021.03.22 18:21,Evergreen,"참... 내 입맛대로 나라를 찜쩌먹던 수꼴들이 권력을 빼앗기고 4년동안 한 짓이라곤
오로지 정권 흠집내기에 골몰했고, 거기에 부화뇌동해 세뇌당한 사람들,
대통령에 정면으로 맞서는 경악할 짓을 하면서까지 권력을 놓지 않겠다는 집념을
한 사람의 정직한 소신이과 신념이라고 본다고??
과거 그런 권력이 과연 어떤 짓꺼리들을 했었는지 모르니 멋있어 보이겠지..
과연 민주주의가 가능한건지.."
[KSOI] 차기 대선후보 적합도 윤석열 39.1%…‘독주’ 양상 뚜렷,2021-03-22 09:14,2021.03.22 18:18,사다리가족방운영중,"소 잘 잡는다고 /
소목장 잘하나 /
서글픈 군중들 !!!"
[KSOI] 차기 대선후보 적합도 윤석열 39.1%…‘독주’ 양상 뚜렷,2021-03-22 09:14,2021.03.22 16:27,Argus,"미국에서 30여년 사업하면서 고문 변호사들과 수시로 협의하고 재판도 수차례 받아봤지만, 내조국 대한민국 처럼 사법연수원 몇기하면서 변호사, 검사, 판사들끼리 떼거리문화 만들고, 퇴직한 특수부 출신 검사가 전관특혜 받고, 그들이 한때 조사하던 재벌이나 권력층의 앞잡이가 되어 떼돈벌고, 현직검사, 판사들은 앞날의 밥벌이 생각하느라 서로 눈감아주는 것을 본적없다. 더불어서 판사가 퇴임한 후 변호사 개업하는 경우는 있을 수도 없다. 인신구속, 수색영장 청구 및 발부가 검찰, 법원에 의해 쉽게 남발되고, 흉악범이 아닌데도 불구속 재판의 원칙이 지켜지지 않는 나라, 대한민국은 전관특혜의 황금어장이다. 피의자 구속으로 전관에 돈만들어 주는 세상에서 법에 의한 지배와 법의 지배를 꿈꾸나? 윤석렬씨의 ""검찰에 의한 거악척결"" 메세지가 공감을 얻으려면 그의 재임중에 재벌변론하며 수십, 수백억을 벌어들인 자들이 모두 특수부 선후배 검사였음을 백배사죄하고, 국민앞에 무릎꿇어 반성하는 모습을 보였어야 하지않나? 진정한 보수는 어디있나? 건전한 상식과 양심을 지키는 보수는 없단밀인가? 대한민국의 언론이나 보수는 다 죽었나?"
[KSOI] 차기 대선후보 적합도 윤석열 39.1%…‘독주’ 양상 뚜렷,2021-03-22 09:14,2021.03.22 16:24,광영,"한겨레..tbc...??
두고볼일이다..
믿을수없는 집단이고 여론조사신뢰도..몇%나될까.
띄워준다고뜰필요도없고 윤총장님하시던데로
정의가 상식이되고 법치가 살아있는, 국가의주인인 국민의
자유.안보.민생 질서가 지켜지는 그런나라 만들어주시길.."
[KSOI] 차기 대선후보 적합도 윤석열 39.1%…‘독주’ 양상 뚜렷,2021-03-22 09:14,2021.03.22 16:07,무는개,반춘장이는 62%던가 ㅋㅋㅋ
[KSOI] 차기 대선후보 적합도 윤석열 39.1%…‘독주’ 양상 뚜렷,2021-03-22 09:14,2021.03.22 16:02,7점62mm,아이고 의미없다
[KSOI] 차기 대선후보 적합도 윤석열 39.1%…‘독주’ 양상 뚜렷,2021-03-22 09:14,2021.03.22 15:51,dothemath,"지난번에도 그러더니 KSOI는 꼭 초딩과 5세는 빼고 여론조사를 돌려..
윤가에게 몰아주고픈 마음이 그득하다."
[KSOI] 차기 대선후보 적합도 윤석열 39.1%…‘독주’ 양상 뚜렷,2021-03-22 09:14,2021.03.22 15:43,박영국,"쩐다!!! 독일은 라인강의 기적을 이루고 한국은 검찰공무원의 기적을 이루었다 1980년도에 외신기자가 한 말 이유는 법조인이 월급으로는 이루어지지 않는 기적을 이루었다. 그 때는 10년만 근무하면 작은 월급으로 기적이랄 수 밖에 없는 부를 이룬 초인적인 사람들이다. 나는 윤석열은 모른다 그가 얼마나 청빈한지 그러나 그런 시궁창에서 평생 살아온 그가 뭘 보고 뭘 배웠을까?
그리고 일제시대 법무대신 이 완용 이후 같은 검찰조직법 아래서 법조인들이 과연 무엇을 누구를 위해 일했는 지 과연 우리 국민이 존경해야 할 사람인지? 한번은 생각해 보자. 정치인이나 하는 개똥 같은 정차공학적 생각에서 벗어나."
[KSOI] 차기 대선후보 적합도 윤석열 39.1%…‘독주’ 양상 뚜렷,2021-03-22 09:14,2021.03.22 15:28,살포쉬,"윤총장님 꼭 대통령 되셔서
부정부패 주범들 문통 문정부 고위공직자 민주당
쓰레기 의원들 다 감빵에 쳐넣어 주세요.
화 이 팅!!!!"
[KSOI] 차기 대선후보 적합도 윤석열 39.1%…‘독주’ 양상 뚜렷,2021-03-22 09:14,2021.03.22 14:55,ca****,"반려통, 그들에게 투표권을 줘라?(묘견연대연합)"
[KSOI] 차기 대선후보 적합도 윤석열 39.1%…‘독주’ 양상 뚜렷,2021-03-22 09:14,2021.03.22 14:48,S H,사기꾼 문재인 일당을 일망타진하여 감옥에 처넣을 확실한 대권주자다.
[KSOI] 차기 대선후보 적합도 윤석열 39.1%…‘독주’ 양상 뚜렷,2021-03-22 09:14,2021.03.22 14:39,nks0113,뭉가 추미애 박범개 ...성추행당 애들이 윤석열을 썩은 나라의 큰 인물로 만들어 준것 고맙다.
[KSOI] 차기 대선후보 적합도 윤석열 39.1%…‘독주’ 양상 뚜렷,2021-03-22 09:14,2021.03.22 14:27,돌체파르니엔,정치에 신경쓰면 머리골 아픈데 한마디 한다면 어쨌든 여지껏 정치에 찌들은 골수~풍파에 물든 사람보다는 참신하고 그나마 현 시대가 나서게 만들었으니 누구든 그 대상을 다시 보면 무엇보다는 훨 낫겠다 싶은 상념 뿐~~~어떨까 싶은 생각~언제나 별로 틀리지가 않더이다
[KSOI] 차기 대선후보 적합도 윤석열 39.1%…‘독주’ 양상 뚜렷,2021-03-22 09:14,2021.03.22 14:18,Reds,"아멘~~~~

하느님 보다 윤석열~~♡

한겨레 기레기도 마음대로 떡주무릇 주무르고~

검찰은 정말 못하는 게 없다~"
[KSOI] 차기 대선후보 적합도 윤석열 39.1%…‘독주’ 양상 뚜렷,2021-03-22 09:14,2021.03.22 13:59,불사조,이 연구소 조사 신뢰할만 한곳 인가요??
[KSOI] 차기 대선후보 적합도 윤석열 39.1%…‘독주’ 양상 뚜렷,2021-03-22 09:14,2021.03.22 13:56,dothemath,초딩이랑 훈이가 없잖아.. 뻔한거지.. 설계..
[KSOI] 차기 대선후보 적합도 윤석열 39.1%…‘독주’ 양상 뚜렷,2021-03-22 09:14,2021.03.22 13:50,leejs****,이런 기사나오는것 보니 참 어이가없다 기가차서
[KSOI] 차기 대선후보 적합도 윤석열 39.1%…‘독주’ 양상 뚜렷,2021-03-22 09:14,2021.03.22 13:45,야고,"윤석렬이 대권토론회 나오면 재미있겠다.
단상 탁 치면서 ""확실히해!"" "" 나 검찰공화국장이야. 나 찍으라구 알았지! 개 돼지들아!"""
[KSOI] 차기 대선후보 적합도 윤석열 39.1%…‘독주’ 양상 뚜렷,2021-03-22 09:14,2021.03.22 13:27,boss,"선배 검사의 첩인 피의자와 동거, 장모 비리, 마누라 비리, 의혹투성이 종합비리 세트 어리석은 자들이 개검의 살아있는 진짜 권력을 지지하는 한심한 작태"
[KSOI] 차기 대선후보 적합도 윤석열 39.1%…‘독주’ 양상 뚜렷,2021-03-22 09:14,2021.03.22 13:14,유유자적,제발 이런 쓰레기 기사 쓰지마라 역겨운게
[KSOI] 차기 대선후보 적합도 윤석열 39.1%…‘독주’ 양상 뚜렷,2021-03-22 09:14,2021.03.22 13:00,Ted Che,"무능한 정세균등을 내쳐야 합니다
이들이 민주진영을 말아 먹을것입니다"
[KSOI] 차기 대선후보 적합도 윤석열 39.1%…‘독주’ 양상 뚜렷,2021-03-22 09:14,2021.03.22 12:54,용서받지못할죄인,"한겨레 정치부와 사주는 원래 윤석열과 친했지?
이쯤에서 낙언이 째명이 손절하고 윤석열씨와 친하게 지내보는게 어때????"
[KSOI] 차기 대선후보 적합도 윤석열 39.1%…‘독주’ 양상 뚜렷,2021-03-22 09:14,2021.03.22 12:36,pastropmal,잘허자. 다들 힘들다.
[KSOI] 차기 대선후보 적합도 윤석열 39.1%…‘독주’ 양상 뚜렷,2021-03-22 09:14,2021.03.22 12:21,leftfielder,"민중이 한겨울에 촛불들어 바꾸네 쫒아내니까
얼릉 어영구영 스리슬쩍 권력 나꿔채 꿰차고
4년 내내 내로남불하며 ""우리가 남이가"" 끼리 사이익 챙기는데 바쁘더니
국민들이 등돌리니까 금새 국민들을 ""개돼지들""이라 부르는
건방지고 오만하고 멍청한 것들을
국민이 반드시 심판할 것이다,
자고로 민심이 천심이라 했다 이것들아."
[KSOI] 차기 대선후보 적합도 윤석열 39.1%…‘독주’ 양상 뚜렷,2021-03-22 09:14,2021.03.22 12:20,Nullnury,2022년 초까지 주욱 ㅡ 이어지기 바람
[KSOI] 차기 대선후보 적합도 윤석열 39.1%…‘독주’ 양상 뚜렷,2021-03-22 09:14,2021.03.22 12:15,샤랄라,대선후보 나와서 어버버하는 모습 볼만하겠다.ㅎㅎ
[KSOI] 차기 대선후보 적합도 윤석열 39.1%…‘독주’ 양상 뚜렷,2021-03-22 09:14,2021.03.22 12:09,leeh****,"머리속에 뭐가 든지도 모르는데? 뭐 하겠다는것도 말한적 없고 오로지 편파수사 달인인데,환장 하는구나?"
[KSOI] 차기 대선후보 적합도 윤석열 39.1%…‘독주’ 양상 뚜렷,2021-03-22 09:14,2021.03.22 11:50,비인,돼지값은 몽두이로 패서 잡아봐야 근당 얼마인지 값이 나옵니다.
[KSOI] 차기 대선후보 적합도 윤석열 39.1%…‘독주’ 양상 뚜렷,2021-03-22 09:14,2021.03.22 11:45,slmt,여론조사를 어떻게 개돼지들한테만 할 수 있지 ? 신묘하다.
[KSOI] 차기 대선후보 적합도 윤석열 39.1%…‘독주’ 양상 뚜렷,2021-03-22 09:14,2021.03.22 11:43,eun****,검찰 공화국 만세 만세 만만세
[KSOI] 차기 대선후보 적합도 윤석열 39.1%…‘독주’ 양상 뚜렷,2021-03-22 09:14,2021.03.22 11:14,파주댁,ㅉㅉ 사기꾼이 인기라니 ㅉㅉ 제2의 이명박이냐 ? ㅉㅉ 검찰당 총수가 대권 도전 ? ㅉㅉ 정말 개가 웃을 일이네 ㅉㅉ / 니 장모 수사나 제대로 해라 ㅉㅉ
[KSOI] 차기 대선후보 적합도 윤석열 39.1%…‘독주’ 양상 뚜렷,2021-03-22 09:14,2021.03.22 11:10,jw****,"제발 석열이가 대권후보로 나왔으면 좋겠당~~~
그러면 100% 이기는데... ㅋㅋ

민주당이...ㅋㅋ"
[KSOI] 차기 대선후보 적합도 윤석열 39.1%…‘독주’ 양상 뚜렷,2021-03-22 09:14,2021.03.22 10:59,dypa****,윤석열은 잠깐의 신기루일뿐이다... 조만간 와이프김건희의 뇌물혐의나 장모의 부동산 사기문제로 검찰에 나들락거리면 금방 사라진다...
[KSOI] 차기 대선후보 적합도 윤석열 39.1%…‘독주’ 양상 뚜렷,2021-03-22 09:14,2021.03.22 10:55,오늘도 최선,"전 윤석렬씨가 꼭 나왔으면 좋겠어요..
토론회도 한번 보고 싶어요."
[KSOI] 차기 대선후보 적합도 윤석열 39.1%…‘독주’ 양상 뚜렷,2021-03-22 09:14,2021.03.22 10:43,무는개,한 걸레 신났노
[KSOI] 차기 대선후보 적합도 윤석열 39.1%…‘독주’ 양상 뚜렷,2021-03-22 09:14,2021.03.22 10:34,leftfielder,"일년 쯤 전 내가 남긴 댓글 찾아봐라,
""윤석렬 대통령"" 부르는 연습 시작하라고 했을걸?
많이들 연습해왔나? 부드럽게 자연스럽게 입술사이로 굴러나오도록.
다행히 아직 일년 더 시간 있다.
나랏 일을 제대로 했으면 이런 처지가 아닐텐데,
건방지고 오만하게 잔대가리 계속 굴릴 때 알아봤다."
[KSOI] 차기 대선후보 적합도 윤석열 39.1%…‘독주’ 양상 뚜렷,2021-03-22 09:14,2021.03.22 10:33,slmt,개검공화국에서 스트레스 받기 전에 남미나 동남아로 이민을 가야겠군.
[KSOI] 차기 대선후보 적합도 윤석열 39.1%…‘독주’ 양상 뚜렷,2021-03-22 09:14,2021.03.22 10:22,맑은미소,"이런 코메디도 없네 ㅋㅋ
윤석열 저 놈은 가족 비리 온상이다.
교도소 갈 놈이라고 생각한다."
[KSOI] 차기 대선후보 적합도 윤석열 39.1%…‘독주’ 양상 뚜렷,2021-03-22 09:14,2021.03.22 10:21,밝은미래,전두환정권 되겠네 이순자 설치듯이 줄리 설치고 최은순 최순실되고
[KSOI] 차기 대선후보 적합도 윤석열 39.1%…‘독주’ 양상 뚜렷,2021-03-22 09:14,2021.03.22 10:14,테르자기,인간쓰레기들이 유권자이고 국민이냐?.
[KSOI] 차기 대선후보 적합도 윤석열 39.1%…‘독주’ 양상 뚜렷,2021-03-22 09:14,2021.03.22 10:01,푸른하늘,"여론조사라는게 글쎄요이다.
추이만 참고하는 수준이 적절하다."
[KSOI] 차기 대선후보 적합도 윤석열 39.1%…‘독주’ 양상 뚜렷,2021-03-22 09:14,2021.03.22 10:00,청산,문데이가 구데기 됐구먼
[KSOI] 차기 대선후보 적합도 윤석열 39.1%…‘독주’ 양상 뚜렷,2021-03-22 09:14,2021.03.22 09:59,PSolver,"하, 기레기놈들..."
[KSOI] 차기 대선후보 적합도 윤석열 39.1%…‘독주’ 양상 뚜렷,2021-03-22 09:14,2021.03.22 09:58,my chang,"""라도지역 빼놓고""
65%까지 고공으로 훨훨날으렴,~~~~"
[KSOI] 차기 대선후보 적합도 윤석열 39.1%…‘독주’ 양상 뚜렷,2021-03-22 09:14,2021.03.22 09:57,록리나잇,애쓴다 기레기야 ㅋㅋㅋ
[KSOI] 차기 대선후보 적합도 윤석열 39.1%…‘독주’ 양상 뚜렷,2021-03-22 09:14,2021.03.22 09:57,외통수,"장모에 와이프에 한명숙 사건에 그럴짓을 해놓고 무려 지지율이 39.1?
국민들이 다 바보 멍청이인줄 아나.. 그 이명박보다 죄질로는 더 악질인데..
한달만 조국 털듯이 모든 방송에서 보도 해봐.. 3% 나오나.. 이러니 기레기 기레기 하는거여.."
[KSOI] 차기 대선후보 적합도 윤석열 39.1%…‘독주’ 양상 뚜렷,2021-03-22 09:14,2021.03.22 09:54,아직도청춘,"ㅋㅋㅋㅋ
윤석열 + 윤석열 강아지 한겨레 화이링~~~"
[KSOI] 차기 대선후보 적합도 윤석열 39.1%…‘독주’ 양상 뚜렷,2021-03-22 09:14,2021.03.22 09:52,강 성진,"이나라가 어찌 될라고 이러나 모르겠다..
하긴 노태우와 쥐닥을 대통령으로 뽑은 국민이니..
어쩐 종자인들 대통령으로 못뽑을까??
부동산으로 얼마나 촛불정부에 상처받았으면..
한편으로는 이해가 안되는 것도 아니다.."
[KSOI] 차기 대선후보 적합도 윤석열 39.1%…‘독주’ 양상 뚜렷,2021-03-22 09:14,2021.03.22 09:45,아직도청춘,"45.2%가 ‘검찰수사 중립성을 해치는 부적절한 조치’,
39.2%는 ‘검찰의 부당한 수사관행을 바로잡는 조치’

ㅋㅋㅋㅋ

이래놓고
lh 자체조사는 못믿는다는 개돼지들 무엇~"
[KSOI] 차기 대선후보 적합도 윤석열 39.1%…‘독주’ 양상 뚜렷,2021-03-22 09:14,2021.03.22 09:44,비인,구김당은 1년후에도 마땅한 후보 없다 판단하고 윤돈에 올인하는거고 민주당은 아직 변수가 있어 누가 후보될지 모르니 유보하여 이런 결과가 나타날 뿐. 윤돈이 요크셔인지 버크셔인지 그냥 똥돼지인지 본격 검증 들어가면 돼지값이 정해지리라
[KSOI] 차기 대선후보 적합도 윤석열 39.1%…‘독주’ 양상 뚜렷,2021-03-22 09:14,2021.03.22 09:44,slmt,개돼지들 때문에 나라가 망할 징조다.
[KSOI] 차기 대선후보 적합도 윤석열 39.1%…‘독주’ 양상 뚜렷,2021-03-22 09:14,2021.03.22 09:42,겨울모자,"국민이 치루고싶은 내년 대선은 윤석열 vs 추미애의 2라운드 .
추미애씨 꼭 성폭력 투기 민주당의 대선 후보로 나와주세요.
추미애씨는 코로나로 힘든 국민에게 볼거리와 카타르시스를 주기 바랍니다.
윤석열 80% , 추미애 20% 대선 결과면 국민에게 속죄하는 겁니다"
[KSOI] 차기 대선후보 적합도 윤석열 39.1%…‘독주’ 양상 뚜렷,2021-03-22 09:14,2021.03.22 09:34,프랜드,"대한민국 앞날이 어찌 되려나..
다시 그들만의 리그 검찰 공화국으로 가려나보다"
세대 갈등 뛰어넘는 직접민주주의가 ‘촛불’의 계승,2021-04-05 14:46,2021.04.05 22:12,aristo,조ㅅ불 그만 울궈 먹어라. 죽은 애들아 고맙다 한 이 쥐새끼 두꺼운 솜이불과 수의 준비해라. 청송 0.3평 빵은 춥다.
세대 갈등 뛰어넘는 직접민주주의가 ‘촛불’의 계승,2021-04-05 14:46,2021.04.05 20:47,sen****,"글 곳곳에 정파적 이해관계와 편견이 깊게 배어있는데
굳이 이리 글 길게 쓸게 뭐가 있소
그냥 민주당만세 문재인만세 한줄로 쓰지

기자 생활 오래하신 분 같은데 사회적 갈등을 해결하고
해법을 제시할 고민도 해주었으면 하는 작은 바램이오"
[대선 D-365] 윤석열 지지세 석달뒤께 판가름…이재명 탈당설은 ‘뇌피셜’,2021-03-08 09:16,2021.03.08 09:49,sj****,"윤석렬 지지율 1위
경상 충청
나라 바로 잡으러 가즈아"
[대선 D-365] 윤석열 지지세 석달뒤께 판가름…이재명 탈당설은 ‘뇌피셜’,2021-03-08 09:16,2021.03.09 22:09,게이너,사악한 윤석열을 정치인으로 만드는데 한겨레법조팀도 혁혁한 공을 세웠잖아유~
[대선 D-365] 윤석열 지지세 석달뒤께 판가름…이재명 탈당설은 ‘뇌피셜’,2021-03-08 09:16,2021.03.09 15:06,느티나무,명색에 한 나라의 대통령 선거에 저런 급도 안되는 인사가 후보에 오르내리는것은 나라의 수준을 떨어뜨리는것 같아 안타깝다. 윤씨는 국가를 통치하려하기 전에 제 집구석 단속이나 잘 했으면 한다. 마누라는 각종 이권개입에 연루되어 있고 장모는 사기꾼인데 검사 남편과 사위덕분에 이제껏 감옥에도 안가고 잘 살고 있다. 뿐만아니라 윤씨 자신은 정치검사시절에 그 비리와 악행이 파도파도 끝이 없는 자인데 그 아가리로 '정의' 운운하며 정치를 하겠다고 나대니 참으로 기가막힐 일이다. 더더욱 기가 막히는 사실은 그런 윤씨를 무슨 열사나 되는듯이 추앙하고 따르는 뇌없는 생명체들이 이 땅에 존재한다는 사실이다.
[대선 D-365] 윤석열 지지세 석달뒤께 판가름…이재명 탈당설은 ‘뇌피셜’,2021-03-08 09:16,2021.03.09 11:10,김웈,이 익숙한 두상의 이분 문재인 정부가 싫어서 작년 총선때도 그렇게 나발 부시더니 다 틀렸는데 또 나발 부시네. 사람들 기억력이 만만해 보이시조?
[대선 D-365] 윤석열 지지세 석달뒤께 판가름…이재명 탈당설은 ‘뇌피셜’,2021-03-08 09:16,2021.03.09 01:50,박만화도,"또다시 이명박그네때와같은 공안정국이 안오길바란다.
정말 지옥같은 날들이었다."
[대선 D-365] 윤석열 지지세 석달뒤께 판가름…이재명 탈당설은 ‘뇌피셜’,2021-03-08 09:16,2021.03.08 21:33,아름,"여태까지의 대선에서 내 예상은 단 한번도 빗나간적이 없다
그런데 윤석열은 절대 아니다 ㅎㅎㅎㅎㅎ"
[대선 D-365] 윤석열 지지세 석달뒤께 판가름…이재명 탈당설은 ‘뇌피셜’,2021-03-08 09:16,2021.03.08 21:09,아래미,"4자 필승론? - 여권은 이재명 대 친문, 야권은 안철수 대 윤석열
이렇게 나오면, 내가 필승이다! - 이럴 사람 많습니다.
특히 이재명이 그렇죠. 만약 민주당에서 대선 후보 못 되면
탈당해서 독자 출마 - 이러면 바로 이인재가 되는거죠.
그걸 이재명이 모를까? 이재명 지지자들은 성찰해야 한다."
[대선 D-365] 윤석열 지지세 석달뒤께 판가름…이재명 탈당설은 ‘뇌피셜’,2021-03-08 09:16,2021.03.08 21:06,파란여울,대깨문들 윤석열 지지율 1위해서 겉으로는 내색은 안하나 속으로 조바심나고 식은땀 좀 흘릴듯..ㅋㅋㅋ
[대선 D-365] 윤석열 지지세 석달뒤께 판가름…이재명 탈당설은 ‘뇌피셜’,2021-03-08 09:16,2021.03.08 16:33,gu****,"성 아저씨, 진보 신문에서 이런 이간질 , 거짓, 선동 등등
대통령께 큰 역할 했다고 한자리 달라고 하세요.."
[대선 D-365] 윤석열 지지세 석달뒤께 판가름…이재명 탈당설은 ‘뇌피셜’,2021-03-08 09:16,2021.03.08 15:37,Ilseon Baek,쥴리의 정체는?출신으로 보면 수많은 동서들이 계실텐데 어찌하누?한우는 구워먹든 삶아 먹든 ㅋㅋㅋㅋ
[대선 D-365] 윤석열 지지세 석달뒤께 판가름…이재명 탈당설은 ‘뇌피셜’,2021-03-08 09:16,2021.03.08 15:34,Ilseon Baek,"돌아가신 장인이 빨갱이라는 노무현 대통령은 괜찮은데, 살아있는 장모년이 사기꾼이고 그걸 지켜내느라 버벅 거리는 파평 윤가 윤서방파....꿈깨라 ㅅㅂㄴㅇ!"
[대선 D-365] 윤석열 지지세 석달뒤께 판가름…이재명 탈당설은 ‘뇌피셜’,2021-03-08 09:16,2021.03.08 14:58,sea,"민주당 사람이기에 당내경선 불리하다고 탈당 전혀 없다고 생각?
세상일이란 모른다.
국민은 이지사 원한다고하는데, 당은 아니라고 한다?
뭔 이런 괴변이..."
[대선 D-365] 윤석열 지지세 석달뒤께 판가름…이재명 탈당설은 ‘뇌피셜’,2021-03-08 09:16,2021.03.08 14:39,exite,"풉...
윤짜장은 반기문만도 못할 것 같은데...
사퇴 당일, 오세훈, 안띨수 뺀 조사잖아..
암기해온 것도 버벅대던데,
앞으로 주댕이 한 번 더 열면 반기문 짝이지.
그나저나 줄리와
자기 아파트 삼성 근저당 10억은 어찌 넘을겨?
한 방에 훅 갈 거야."
[대선 D-365] 윤석열 지지세 석달뒤께 판가름…이재명 탈당설은 ‘뇌피셜’,2021-03-08 09:16,2021.03.08 14:31,sea,이재명이 당 후보 될까?
[대선 D-365] 윤석열 지지세 석달뒤께 판가름…이재명 탈당설은 ‘뇌피셜’,2021-03-08 09:16,2021.03.08 12:58,s****,"대한민국이 불행해 지는 일은 일어 나지 않아요.
박근혜 하나로도 충분해
좀 정상적인 사람들 없냐 그쪽엔"
[대선 D-365] 윤석열 지지세 석달뒤께 판가름…이재명 탈당설은 ‘뇌피셜’,2021-03-08 09:16,2021.03.08 12:43,로이윌리엄,"석열이를 지도자 깜으로 생각하는 것들은 전부 대가리가 썩은 인간들이다. 양아치 조폭 두목 그릇밖에 안되는 놈을..ㅉㅉ.
하여간 야권에는 쓸만한 놈이 단 한놈도 없다는 건 분명한 사실이다.
여권에는 인물도 많지만, 누가 가장 선명한 비전과 추진력을 갖고 있나를 생각하면 차기 대통은 이미 답이 나와 있는 것이다.
태극기부대 틀딱들, 왜구당 좋아하는 골빈 것들 지지를 받는 석열이가 대권주자 반열로 거론되는 자체가 코미디라고 봐야 한다."
[대선 D-365] 윤석열 지지세 석달뒤께 판가름…이재명 탈당설은 ‘뇌피셜’,2021-03-08 09:16,2021.03.08 12:37,hhj****,ㅉㅉㅉ 정녕 짐당 한테 이용만 당하는줄 모르나? 장모 디펜스 하나만 물고 늘어 져도 끝....!
[대선 D-365] 윤석열 지지세 석달뒤께 판가름…이재명 탈당설은 ‘뇌피셜’,2021-03-08 09:16,2021.03.08 12:30,c7102,당근 이재명이죠.
[대선 D-365] 윤석열 지지세 석달뒤께 판가름…이재명 탈당설은 ‘뇌피셜’,2021-03-08 09:16,2021.03.08 12:25,my chang,"""부디 차기에 국가수반이 되셔서""

지금의 건강하지못한 ~
병든 정치인들을 일거에 쓸어다가
쓰레기 분리자루어 담아서 한꺼번에 처리기에
쑤셔 넣으시기를,~~~"
[대선 D-365] 윤석열 지지세 석달뒤께 판가름…이재명 탈당설은 ‘뇌피셜’,2021-03-08 09:16,2021.03.08 12:25,이상룡,"윤석렬을 나뿐 놈 마들려고 작정을 했구만. 박근혜, 이명박 잡아 넣을 때 그리 바수치고 치켜 세우더니 겅기자 인생 그렇게 사지마시요. 너희 대깨문들의 위선과 무능력 만천하에 들어날 날이 멀지 않았다. 조금이라도 반성해 보심이, 그럴리가 없지 너희는 그런 유정자가 없으니."
[대선 D-365] 윤석열 지지세 석달뒤께 판가름…이재명 탈당설은 ‘뇌피셜’,2021-03-08 09:16,2021.03.08 12:04,choi bk,이미 대선 승으로 끝난거 아닌감. 나머지는 전부 조사해서 법으로 심판해야지.
[대선 D-365] 윤석열 지지세 석달뒤께 판가름…이재명 탈당설은 ‘뇌피셜’,2021-03-08 09:16,2021.03.08 12:04,yong****,표창장 가지고 그난리를 폈는데...와이프와 장모가 사기꾼에 구속까지될 사람을 대통령으로 뽑고싶겠습니까?...아무리 정치가 진영논리라고 하지만 윤석열 띄우는 기자들은 이완용같은 사람이라고 생각합니다...
[대선 D-365] 윤석열 지지세 석달뒤께 판가름…이재명 탈당설은 ‘뇌피셜’,2021-03-08 09:16,2021.03.08 12:00,無,"국민의 힘
이젠 이빨 빠지고 발톱 다빠진 괭이새끼가 됬구만
인물도 없고
나설만한 놈도 없고
그러니 지금도 수 십년전 한나라당을 기억하는 거다.
그때의 보수들은 이제 다 사라진거야
지금은 입으로 흉내만 내는 인간들 뿐이니
결국 윤석열 앞에 머리들을 조아릴 밖에
한심한 인사들"
[대선 D-365] 윤석열 지지세 석달뒤께 판가름…이재명 탈당설은 ‘뇌피셜’,2021-03-08 09:16,2021.03.08 11:52,Moonga뻑,"절박한가 보구만 성 대머리가 연속으로 등장해서 주절대니
일단 이재명이는 친문이 절대 인정하지 못할 개거튼 망종인데
걸레 성하뇽 대머리는 제발 이재명이를 민주당 대선주자로 확정하라는 얘기구만
아니면 윤석렬 호랭이 헌티 다 잡아 멕힌다는 경고제.

이재명이는 대선주자가 안되면 그 날로 죽어.
그러니 친문새끼덜이 또 다른 후보를 내세워 공작질을 허면 그 날로 탈당 할 것이여
탈당을 허던 안하던 윤석렬이에 대한 국민들의 기대는 니덜 상상 이상이여.
저 사람을 괴롭히고 쫏아낸거 느그들 꼭 후회헌다."
[대선 D-365] 윤석열 지지세 석달뒤께 판가름…이재명 탈당설은 ‘뇌피셜’,2021-03-08 09:16,2021.03.08 11:35,커피홀릭,산넘어 산. 넘사벽임. 여당 두후보 지지율이 무려 절반에 육박 ㅋㅋㅋㅋ
[대선 D-365] 윤석열 지지세 석달뒤께 판가름…이재명 탈당설은 ‘뇌피셜’,2021-03-08 09:16,2021.03.08 11:30,nad****,"성한용이! 그대가 언론인인가? 나는 한겨레 창설 주주이고, 성한표 선생 모시고 일한 적도 있지만, 그대 때문에 한겨레신문을 읽기가 싫다네. 제발 자중하시게."
[대선 D-365] 윤석열 지지세 석달뒤께 판가름…이재명 탈당설은 ‘뇌피셜’,2021-03-08 09:16,2021.03.08 11:20,바나나21개,"이재명 지사가 무섭긴 무서운가 보다
탈당설에 친문 대선 주자설에.....
국민의 암 당 뿐만 아니라 여권 내에서도 무서워하는 사람들이 있는 모양이다
이낙연과 이재명이 경선해서 이긴사람이 대선에 나가는것이고...
김경수나 임종석 김광재는 아직 급이 안된다
권리당원들도 옛날의 권리당원들이 아니다
지금은 합리적인 권리당원이 깨어있는 권리당원들이기 때문에 친문이라고 지지하고
친문이 아니라고 배척하는 그런 민주당이 아니다"
[대선 D-365] 윤석열 지지세 석달뒤께 판가름…이재명 탈당설은 ‘뇌피셜’,2021-03-08 09:16,2021.03.08 11:16,Jeong Ok Kang,"어이~성한용 씨!

평소 점쟁이가 길바닥에 판깔아놓고 지렁이 갈빗짝 뜯는 개소리를 늘어놓고 자빠졌던데 그딴 헛소리 집어치워라!
한층 높아진 시대정신으로 무장한 시민들이 판을 결정하는데
시민들은 꿔다놓은 보릿자루냐?"
[대선 D-365] 윤석열 지지세 석달뒤께 판가름…이재명 탈당설은 ‘뇌피셜’,2021-03-08 09:16,2021.03.08 11:10,pastropmal,"재명이는 대깨문에 아참할 때 이미 끝났다.
꼬라박을 종목을 고점에 올라타면 어떻게 되나..."
[대선 D-365] 윤석열 지지세 석달뒤께 판가름…이재명 탈당설은 ‘뇌피셜’,2021-03-08 09:16,2021.03.08 11:04,ck,"이재명은 찢는문제를 사과한 적없는데
정의감과 그 문제를 구별못하면"
[대선 D-365] 윤석열 지지세 석달뒤께 판가름…이재명 탈당설은 ‘뇌피셜’,2021-03-08 09:16,2021.03.08 10:59,아싸대박,"이재명 지사여.. 탈당 하시오. 부동산 , 물가 폭등에 많은 국민들이 무능한 정부에 화가 나 있으나 대안이 없는 현실에 낙담하고 있오... 탈당해서 대안 정당을 만들어 주시오..."
[대선 D-365] 윤석열 지지세 석달뒤께 판가름…이재명 탈당설은 ‘뇌피셜’,2021-03-08 09:16,2021.03.08 10:30,에코빌러,"윤가놈 지지율 냄비근성으로 지금이 천장이다
계속 내려간다에 1 8원 건다"
[대선 D-365] 윤석열 지지세 석달뒤께 판가름…이재명 탈당설은 ‘뇌피셜’,2021-03-08 09:16,2021.03.08 10:20,샤랄라,아무리 봐도 이재명이 정답인 것 같은데?
[대선 D-365] 윤석열 지지세 석달뒤께 판가름…이재명 탈당설은 ‘뇌피셜’,2021-03-08 09:16,2021.03.08 10:12,내멋에산다,검찰의 병폐를 문정부시대의 검찰 양아치들이 낯낯히 보여주고 있네요. 정치적 중립성을 훼손한 검찰총장과 그 일당들을 당장 구속시켜야 한다고 봅니다.
[대선 D-365] 윤석열 지지세 석달뒤께 판가름…이재명 탈당설은 ‘뇌피셜’,2021-03-08 09:16,2021.03.08 10:01,LUXMEA,양아치가 법치와 헌법정신을 거들먹 거리는게 머쓱허긴 하다만...
[대선 D-365] 윤석열 지지세 석달뒤께 판가름…이재명 탈당설은 ‘뇌피셜’,2021-03-08 09:16,2021.03.08 09:57,ororo,뭐 이런 똥글이
[대선 D-365] 윤석열 지지세 석달뒤께 판가름…이재명 탈당설은 ‘뇌피셜’,2021-03-08 09:16,2021.03.08 09:49,sj****,"윤석렬 지지율 1위
경상 충청
나라 바로 잡으러 가즈아"
[대선 D-365] 윤석열 지지세 석달뒤께 판가름…이재명 탈당설은 ‘뇌피셜’,2021-03-08 09:16,2021.03.08 09:46,해피맨,한겨레가 학실히 망조가 들었네요. 그 리더가 성한용기자이고요. 확인도 안되는 전해 듣은 윤총장 관련 내용으로 기사를 써내려가는 솜씨가 조종동의 라면 논설을 연상시킵니다.
[대선 D-365] 윤석열 지지세 석달뒤께 판가름…이재명 탈당설은 ‘뇌피셜’,2021-03-08 09:16,2021.03.08 09:35,sean,인간적으로 뇌가 있으면 검사는 좀 거르자 ...ㅡㅡ
