제목,날짜,작성자,작성일,댓글
"유승민 “100만 디지털 인재 양성”… 홍준표, 복당 여론전",2021-04-28 03:00:00,닉네임 입력,2021-04-28 15:45:53,빨리 홍준표 대통령 되셔서 대한민국을 살려 주세요
"유승민 “100만 디지털 인재 양성”… 홍준표, 복당 여론전",2021-04-28 03:00:00,닉네임 입력,2021-04-28 15:43:15,"국회의원, 당대표, 원내총무, 도지사, 검사 등등 모든것을 경험을 해야 나라를 잘 이끌어 갑니다. 국회상임위원장을 다 해본 분은 홍준표 뿐이다.. 국방,사회,경제,정치 해박한 지식을 가지고 있는 분은 홍준표 뿐이다..무너져가는 나라를 바로 세울 분은 홍준표 뿐이다."
"유승민 “100만 디지털 인재 양성”… 홍준표, 복당 여론전",2021-04-28 03:00:00,혁천,2021-04-28 12:29:50,"승민아!너는로또나사서기다리려무나,
우습게보면않된다,아무한테나그런행운오는줄아냐?"
"유승민 “100만 디지털 인재 양성”… 홍준표, 복당 여론전",2021-04-28 03:00:00,달무리,2021-04-28 11:48:39,우파에 역적 유승민은개만도 못한놈이다
"유승민 “100만 디지털 인재 양성”… 홍준표, 복당 여론전",2021-04-28 03:00:00,닉네임 입력,2021-04-28 10:51:38,"경남도지사때 경남도 빚 1조4000억원 다 갚은 것은 인정해 주어야 합니다.
지금 대한민국 현실은 홍준표 대통령 되어야 나라를 살릴수 있다고 확신 합니다"
"유승민 “100만 디지털 인재 양성”… 홍준표, 복당 여론전",2021-04-28 03:00:00,긴도깡,2021-04-28 10:47:11,두넘다 그만해라 그냥밖에서 벌겅이잡는 빨치산활동이나해라 세금축내지말고
"유승민 “100만 디지털 인재 양성”… 홍준표, 복당 여론전",2021-04-28 03:00:00,닉네임 입력,2021-04-28 10:41:30,결국 홍준표 대통령 된다
"유승민 “100만 디지털 인재 양성”… 홍준표, 복당 여론전",2021-04-28 03:00:00,bt,2021-04-28 09:53:19,"유승민이 이놈은 자유우파의 대선후보는 절대로 안된다!
왜 안되는지는 자유보수우파를 지지하는 사람은 모두다 알 것이고,
원희룡이 이ㅌ새ㅌ끼도 박근혜 대통령 탄핵이 정당했다고 씨부리는 놈이다. 이 개놈의 새끼도 자유보수우파를 대표할 수가 없다!
두노 다 개x새x끼들이다!"
"유승민 “100만 디지털 인재 양성”… 홍준표, 복당 여론전",2021-04-28 03:00:00,rokhk,2021-04-28 08:59:20,유승민과 김무성은 민주당으로 가든지 아예 정치에서 손을 떼든지 하나를 선택해라.네네들이 나서면 민주당이나 대깨문들은 박수를 치고 있다.
"유승민 “100만 디지털 인재 양성”… 홍준표, 복당 여론전",2021-04-28 03:00:00,순유,2021-04-28 07:45:56,두사람은 빠져주면 좋겠는데. . . .
"유승민 “100만 디지털 인재 양성”… 홍준표, 복당 여론전",2021-04-28 03:00:00,137억년전,2021-04-28 07:44:49,경제 국방분야에 실력은 유승민이 최고. 맞겨주면 잘할듯.
"유승민 “100만 디지털 인재 양성”… 홍준표, 복당 여론전",2021-04-28 03:00:00,초평리,2021-04-28 07:39:22,"준패들오면 망하는길이다 준패 하면 지저분하고 양아치같고 채홍사가 생각난다
국힘에 들어오면 국힘 이미지도 그렇게 된다."
"유승민 “100만 디지털 인재 양성”… 홍준표, 복당 여론전",2021-04-28 03:00:00,matador,2021-04-28 07:12:49,"승민아, 다른 사람들은 몰라도, 자네는 좀
깊히 삼가도록 하라.
나라가 온통 종북-좌빨놈들의 세상이 되도록
농간질친 놈이,
무슨 낯짝으로 다시 나서서
쪽을 팔려 하느냐.
세상이 두쪽이 나게 되는 한이 있더라도
승민아, 너는 국민에게 더욱 삼가거라.
아미타불!"
"유승민 “100만 디지털 인재 양성”… 홍준표, 복당 여론전",2021-04-28 03:00:00,파워,2021-04-28 08:26:32,"아색끼 생긴대로 노는 놈이요. 이런것들 어여 빨리 살어 저야 되는디,,,"
"유승민 “100만 디지털 인재 양성”… 홍준표, 복당 여론전",2021-04-28 03:00:00,aegis,2021-04-28 06:55:21,"홍준표, 유승민.... 아 C 니들은 좀 찌그러져 있어라. 아니 그렇게 망신당하고도 아직도 정신 못차리는건지... 아직도 그 동네에 니들이 뭐 일을 해야 한다고 들 쑤시는 종자들이 있는건지... 고마해라...."
尹 그늘에 가려졌던 야권 주자들 ‘꿈틀’…원희룡·유승민·홍준표 보폭 넓힌다,2021-04-27 18:44:00,개새끼,2021-04-28 10:46:54,"당신들의 주인이자 존엄인 국민의 한 사람으로서 한마디합니다
대권후보?? 대권후보하는데 그건본인들희망사항인거같은데,,,, 아직 시알도많은데 너무조급해하는건 아닌지 가슴속 깊이생각해보시라 정말 내가 대권후보자로서"
尹 그늘에 가려졌던 야권 주자들 ‘꿈틀’…원희룡·유승민·홍준표 보폭 넓힌다,2021-04-27 18:44:00,혁천,2021-04-28 09:06:16,"야들아주둥이가삐뚤어졌어도말은바로해야지,
가려져있었던것이아니라,숨어있었던것이잖아?
이한심한것들아!"
尹 그늘에 가려졌던 야권 주자들 ‘꿈틀’…원희룡·유승민·홍준표 보폭 넓힌다,2021-04-27 18:44:00,cherl123,2021-04-28 06:30:53,"어차피 윤석열은 끝까지 못간다,
다 나와라,
''변희재의 패블릿 사용 설명서''를 검색해 봅시다 윤석열이 나오는 순간 한방에 간다"
尹 그늘에 가려졌던 야권 주자들 ‘꿈틀’…원희룡·유승민·홍준표 보폭 넓힌다,2021-04-27 18:44:00,공주맘,2021-04-28 00:35:32,"원희룡, 유승민이 대권후보라고? 미쳤군. 동아일보야. 쓰레기가 대권?"
尹 그늘에 가려졌던 야권 주자들 ‘꿈틀’…원희룡·유승민·홍준표 보폭 넓힌다,2021-04-27 18:44:00,匹夫,2021-04-27 22:57:30,"홍판표가 무슨 야권 주자냐 ?
홍판표는 問題人과 더불어공산당
놈연들을 돕는 오열(五列)이다.
홍판표가 날뛰면 날뛸수록
야권 표는 달아나고 더불어공산당
표는 늘어난다."
尹 그늘에 가려졌던 야권 주자들 ‘꿈틀’…원희룡·유승민·홍준표 보폭 넓힌다,2021-04-27 18:44:00,bsdg1,2021-04-27 22:07:02,탄핵 역적들은 이름도 거론하지마라~!!!
尹 그늘에 가려졌던 야권 주자들 ‘꿈틀’…원희룡·유승민·홍준표 보폭 넓힌다,2021-04-27 18:44:00,도전,2021-04-27 21:37:19,"ㅎ ㅎ
국민의 힘에서는 아무도 보이지 않는다"
尹 그늘에 가려졌던 야권 주자들 ‘꿈틀’…원희룡·유승민·홍준표 보폭 넓힌다,2021-04-27 18:44:00,김가이버2,2021-04-27 21:05:56,국민지지율이 5%도 안되는 허접한 것들이 무슨 대권..
尹 그늘에 가려졌던 야권 주자들 ‘꿈틀’…원희룡·유승민·홍준표 보폭 넓힌다,2021-04-27 18:44:00,bt,2021-04-27 20:24:05,"유승민놈은 보수를 지지하는 국민이면 이놈이 왜 안되는지 모두다 알것이고,
원희룡 이라는 놈이 전직 대통령사면론, 탄핵불복론, 이런 말을 씨부리면서 탄핵이 정당하다고 씨부리고 자빠졌다!
내가 생각하기에 이 두놈은 절대로 보수우파의 대선주자가 되어서는 안된다!"
尹 그늘에 가려졌던 야권 주자들 ‘꿈틀’…원희룡·유승민·홍준표 보폭 넓힌다,2021-04-27 18:44:00,chenggong,2021-04-27 21:53:45,"옳으신 말씀! 유승민은 대구에서 배신자 소리를 듣고 있고., 원희룡은 살그머니 틈새 엿보며 탄핵 어쩌고. 그렇게 이익 보려고. 원희룡은 제주도 땅 일본일, 중국인들에게 못팔게 규제법 좀 만들고 무비자 아예 없애고 제주도 잘 지킬 생각이나 하라. 헛된 꿈 버리고!"
尹 그늘에 가려졌던 야권 주자들 ‘꿈틀’…원희룡·유승민·홍준표 보폭 넓힌다,2021-04-27 18:44:00,alsdmlthfl,2021-04-27 20:16:53,"우리 아파트 쓰레기 분리수거일이 내일인데
재활용 안 되는 쓰레기는 그냥 쓰레기라네..."
尹 그늘에 가려졌던 야권 주자들 ‘꿈틀’…원희룡·유승민·홍준표 보폭 넓힌다,2021-04-27 18:44:00,bluemoon838,2021-04-27 19:51:51,삭제된 댓글입니다.
尹 그늘에 가려졌던 야권 주자들 ‘꿈틀’…원희룡·유승민·홍준표 보폭 넓힌다,2021-04-27 18:44:00,chenggong,2021-04-27 21:54:37,배신자 유승민! 대구에서도 국회의원 안될 인간입니다. 대권은 무슨 대권 웃기죠!
尹 그늘에 가려졌던 야권 주자들 ‘꿈틀’…원희룡·유승민·홍준표 보폭 넓힌다,2021-04-27 18:44:00,지구환경,2021-04-27 19:48:16,원희롱 남경필 등 항상 좌로 기울어져 있는 자들 아직도 김종인에 기대고 있나 유승민 또한 보수를 무너뜨린 장본인 이들이 누구의 표를 생각하나 좌파 종북이 아님 보수가 오리알 낙동강 초선이란 놈들도 정치가 뭔지도 모르고 사대주의에 기대는 놈들 종인이 없으면 안된다는 놈
尹 그늘에 가려졌던 야권 주자들 ‘꿈틀’…원희룡·유승민·홍준표 보폭 넓힌다,2021-04-27 18:44:00,친절봉사,2021-04-27 19:47:57,"야권의 잠룡 이라는 사람들 당내 의견 수렴후 대선에서 승리할수있는 사람이 누군지를 파악후 윤성열 후보와 결선투표해서 누구든 지면 깨끗히 승복해서 상대후보를 적극 도와주는 방법으로 해야지 욕심부리고 대선에 나가면 절대로 정권교체는 어렵다
욕심은 금물 입니다."
尹 그늘에 가려졌던 야권 주자들 ‘꿈틀’…원희룡·유승민·홍준표 보폭 넓힌다,2021-04-27 18:44:00,이건아니다,2021-04-27 19:29:00,ㅋㅋ 좁살들 모아서 언제 호박돼냐??? 걍 포기해라
尹 그늘에 가려졌던 야권 주자들 ‘꿈틀’…원희룡·유승민·홍준표 보폭 넓힌다,2021-04-27 18:44:00,김찬중2,2021-04-27 19:03:39,"원헤롱 지사님,, 저울하나 보내드리겠습니다,이명박~박근혜 재임 때와 1968년 간첩 사건때 간첩두목 신영복(한명숙 서방눔 박성준,청와대 기모란 애비눔 기세훈)을 경애하고있는 씨뻘건 문재인과 계량을 해봐라? 이게 나라냐?"
윤석열은 정책 열공중…안철수는 野통합과 대선전략 구체화,2021-05-05 18:17:00,cherl123,2021-05-06 04:37:49,"검증이 무서버 최대한 늦게 등판해
그저 날것으로 먹으려고 ㅋ ㅋ ㅋ

쥴리가 누구냐?"
윤석열은 정책 열공중…안철수는 野통합과 대선전략 구체화,2021-05-05 18:17:00,cherl123,2021-05-06 04:34:22,"역대 대통령들 하루아침에 대통령된 사람 없다 , 군사정권 말고는,
대통령 자리를 그저 날로 먹으려 하는구나, 사법고시 9수, 대통령도 9수 정도는 해야지 ,
열공? ㅋ ㅋ ㅋ 대통령 자리가
하루아침에 공부해서 될 자리 더냐?"
윤석열은 정책 열공중…안철수는 野통합과 대선전략 구체화,2021-05-05 18:17:00,정의롭고공정한국가를되찾자,2021-05-05 23:32:41,"안철수가 무신 대선전략을 고민하나?

지지율이 몇%인데? 정말 문제많은 인간이네."
윤석열은 정책 열공중…안철수는 野통합과 대선전략 구체화,2021-05-05 18:17:00,ksmoon5207,2021-05-05 22:51:05,"철저히 준비된 대통령 DJ 만한 인물을 기대하는 것은 아니지만,
허경영 같은 어중이떠중이들이 정치판에 불나방처럼 모여들어 혹세무민(惑世誣民)하고 있는 꼴이 가관(可觀)이다.
대통령은 교체(交替)할 수도 반품(返品)할 수도 없다.
정신들 차려라."
윤석열은 정책 열공중…안철수는 野통합과 대선전략 구체화,2021-05-05 18:17:00,사과사,2021-05-05 22:11:32,"윤석열·김정숙·문재인이 박원순 살해 혐의로 입건돼 범죄 피의자가 됐다
사인은 전신이 허공에 매달린 질식사다 그런데 시반이 뒷덜미 허리 등 허벅지에 나타나 있다 즉 타살된 뒤 옮겨진 것이다 https://blog.naver.com/cnamsung/222170443857"
윤석열은 정책 열공중…안철수는 野통합과 대선전략 구체화,2021-05-05 18:17:00,gobawo,2021-05-05 20:55:55,"무엇이든 경험 없이 누군들 잘할까
정계 입문 초창기 실수를 거듭하며 많은 경험을 쌓은 안철수
정치꾼의 유혹을 뿌리쳐 정치꾼들의 따돌림 대상이 되었다
끈기 하나로 정계 오염이 덜 된 사람은 안철수뿐이다
윤석열이 한국의 마크롱으로 거듭나려면
국민의 당과 함께하는 게 정답임"
윤석열은 정책 열공중…안철수는 野통합과 대선전략 구체화,2021-05-05 18:17:00,sunoiu,2021-05-05 20:52:32,"윤석열은 호박에 줄 긋는다고 수박 되냐,,
근본이 인간백정인데,,무슨 열공,,,주제를 알아라 ,,,등신아,,"
윤석열은 정책 열공중…안철수는 野통합과 대선전략 구체화,2021-05-05 18:17:00,137억년전,2021-05-05 19:49:23,정책열공해 대권집겠다니 대한민국 참 쉽죠.
윤석열은 정책 열공중…안철수는 野통합과 대선전략 구체화,2021-05-05 18:17:00,사필귀정,2021-05-05 20:50:50,공부하지 않고 노무현 그림자 하나만으로 대통령하는 누구보다는 어렵게 하죠.
윤석열 40.2% vs 이재명 37.4%…양자대결 오차내 접전,2021-05-12 10:22:00,동사랑,2021-05-12 15:34:08,"이해안된다. 윤석렬,이재명 대통후보 이름나오는게
국민을 뭐로 아냐?"
윤석열 40.2% vs 이재명 37.4%…양자대결 오차내 접전,2021-05-12 10:22:00,킬리만,2021-05-12 14:42:28,천명 중 전라도 지역을 300명 쯤으로 했으면 재맹이가 단연 앞설텐디 한길리서치가 조사를 잘못혀서 이리 되었다. 앞으로는 졸라민국 조사대상 늘려라..재맹이 바람들어가게..헛꿈이라고 꿔야자나..
윤석열 40.2% vs 이재명 37.4%…양자대결 오차내 접전,2021-05-12 10:22:00,대필,2021-05-12 12:35:00,"37.4%? 제발 쌍욕하는 것 유트브 좀 찾아서 봐라,저것 지지자들아,그러고도 지지하면 인증이 되지.개돼지만도 못하다는 것을."
윤석열 40.2% vs 이재명 37.4%…양자대결 오차내 접전,2021-05-12 10:22:00,훈요십조,2021-05-12 12:22:50,"현재의 우리나라는 새롭게 국가를 세워야 할 정도로
국가경영시스템이 망가져있다! 공산당추종종자몇넘이 국가를 완전히
개판으로 만들어 놓았다!
건국정신으로 국가를 정리해야 될 상황이다!
제일은 법치다! 윤 석 렬 전총장이 대통령이 되어서 개국의 정신으로 국가에 봉사하시길"
윤석열 40.2% vs 이재명 37.4%…양자대결 오차내 접전,2021-05-12 10:22:00,나다,2021-05-12 11:10:49,보수입장에서는 이나땡이지...
"대선 적합도, 윤석열 31.2% 이재명 24.1%…동반 하락",2021-04-26 10:45:00,zilch,2021-04-26 19:49:02,김부선 형님 형수님 어머니!!
"대선 적합도, 윤석열 31.2% 이재명 24.1%…동반 하락",2021-04-26 10:45:00,빼빼사이먼,2021-04-26 16:25:18,이재명씨는 영리한 선동가입니다. 남미의 좌파 정치인을 닮았지요.
"대선 적합도, 윤석열 31.2% 이재명 24.1%…동반 하락",2021-04-26 10:45:00,패스포드,2021-04-26 16:10:57,이재명씨 김부선씨의 절규도 안들리는가요. 김부선씨가 정신 이상이 있는것은 아닌것 같고 문제는 당신한테 있는것 같네요. 한을 풀어 주고 뛰세요. 그래서 대통령 하라고 지지해 주면 그게 당신의 운명이요.
"대선 적합도, 윤석열 31.2% 이재명 24.1%…동반 하락",2021-04-26 10:45:00,bien,2021-04-26 13:31:41,"하룻밤을 자도 만리장성 쌓는다는데
꼴난 쌀 한가마도 안 주었다니
힘들게 쌓은 성도 허물어질 수 밖에."
"대선 적합도, 윤석열 31.2% 이재명 24.1%…동반 하락",2021-04-26 10:45:00,훈요십조,2021-04-26 12:39:24,"지위고하를 막론하고 국법을 준수하면 된다!
그러기에 법을 알아야만 국법을 더욱 준수할 수 있다!
국가를 위해서 국민을 위하여
윤 석 렬 전총장이 나서서 우리나라를 법대로 운영되는 선진국으로 만들어야 된다!"
"대선 적합도, 윤석열 31.2% 이재명 24.1%…동반 하락",2021-04-26 10:45:00,내생각은..,2021-04-26 12:14:06,어제 유튜브 보니 재명이가 모 여배우를 더듬었었다며??! 그런 인간이 어찌해서 적합도 2위에 올라 있어??! 동아닷컴도 걸레이구먼!!
"대선 적합도, 윤석열 31.2% 이재명 24.1%…동반 하락",2021-04-26 10:45:00,바른말,2021-04-26 11:52:05,차기 대통령은 여자문제 등 주변이 정리되지 않은 사람이 되지 못한다. 수신제가가 되지 않은 권모술수에만 능해서야 되겠는가? 정직하고 깨끗한 사람도 많고 많은데 우리가 지도자로 모셔야할 사람이 세계적으로 챙피한 이야기만 돌아야 다니면 되겠는가 하는 것이 솔직한 심정이다
국민의힘 ‘도로 영남당’ 논쟁… “대표는 非영남” vs “텃밭표 버리나”,2021-05-03 03:00:00,ch9988도사,2021-05-03 13:34:05,국짐당 국민사기쇼좀 그만해라.초선들은 더욱그러하다.계파가없다고 성명까지발표해놓고 원내대표선거에서 확인되었지요?조경태.권영세의원이 당선되어야하는데?주호영이당선된다.일부의원빼고초선의원과거의 김.유.용병아닌가?선거할필요없다.주호영임명하고 당깨라.김영감탱이가 패스넣고있다.
국민의힘 ‘도로 영남당’ 논쟁… “대표는 非영남” vs “텃밭표 버리나”,2021-05-03 03:00:00,포청천,2021-05-03 10:30:23,영남당이 어때서?
국민의힘 ‘도로 영남당’ 논쟁… “대표는 非영남” vs “텃밭표 버리나”,2021-05-03 03:00:00,costa42,2021-05-03 10:29:06,"자중지란 을 일으키는 놈은 다움에 공천을 주지 말아라.
영남당이 어디있냐. 나와서 1등 하는자가 대표 되는 것이지 ..영남 비영남이
어디있냐. 나는 충청도인데 ..지역색을 따지는 못난놈들은 국민의 짐 에서 내쫓아라
민주당은 이해창 말에 조용한것 배워"
국민의힘 ‘도로 영남당’ 논쟁… “대표는 非영남” vs “텃밭표 버리나”,2021-05-03 03:00:00,노머시,2021-05-03 10:01:11,"영남은 작전상 후퇴가 백번 옳고, 비영남 중 권영세는 친박이미지, 홍문표는 매가리가 없고 김어준 방송에까지 출연한 상황판단 상실자이고, 그러니 김웅이다. 이것은 경천동지로 뭉가와 더듬어추행당, 이재명에 치명타를 안겨줄 천하제일 카드. 다만 수구잔당 국민의짐이 과연..."
국민의힘 ‘도로 영남당’ 논쟁… “대표는 非영남” vs “텃밭표 버리나”,2021-05-03 03:00:00,패스포드,2021-05-03 08:48:22,영남당으로 묵고 살은 놈들이 부정하면 또 쪼가리 나지.
국민의힘 ‘도로 영남당’ 논쟁… “대표는 非영남” vs “텃밭표 버리나”,2021-05-03 03:00:00,바른마음,2021-05-03 07:50:12,도로 영남당이란 용어는 불순한 호남당 인간들이 만든 말인 것같다. 단 한건도 호남당이란 말을 끄집어내지도 않았던 극좌운동권무리들이 또 갈라치기를 하고 있다. 호남만 아니고 극좌운동권과 종북하수인만 아니라면 어떤 당이라도 찍겠다!
"장제원, 홍준표 복당 촉구 “강경보수 프레임 걸려 조롱, 몰인간적 선동정치”",2021-05-10 07:58:00,Kyusic Lee,2021-05-11 07:32:15,"나는 누가 극우고 중도인지 잘 구분못하겠다.
다만 쓸만한그릇이 한나도 없다는것이디ㅡ"
"장제원, 홍준표 복당 촉구 “강경보수 프레임 걸려 조롱, 몰인간적 선동정치”",2021-05-10 07:58:00,Kyusic Lee,2021-05-11 07:34:10,하나도..
"장제원, 홍준표 복당 촉구 “강경보수 프레임 걸려 조롱, 몰인간적 선동정치”",2021-05-10 07:58:00,bubble,2021-05-11 06:14:13,"국민의 힘당 한심합니다 김기현 당대표라는 자가 5십팔이 뭔지도 알지 못해서 묘역에 가서 참배를 안하나 초선의원에 당대표 출마 의사를 밝힌 김웅이라는 인간이나 하는 작태를 보니 암울합니다, 초선이라는게 노력은 하나도 안하면서 벌써 구정치인 쫓아다니면서 기득권에 편승해서"
"장제원, 홍준표 복당 촉구 “강경보수 프레임 걸려 조롱, 몰인간적 선동정치”",2021-05-10 07:58:00,닉네임 입력,2021-05-11 01:54:58,중도 중도하다 이대로가면 보수가 등돌린다 국힘당 초선들아 인물보는눈이 나보다 못하냐
"장제원, 홍준표 복당 촉구 “강경보수 프레임 걸려 조롱, 몰인간적 선동정치”",2021-05-10 07:58:00,닉네임 입력,2021-05-11 01:53:23,"홍님 복당 빨리시키라 .
종지기만한 자들이 큰그릇을 못 품네."
"장제원, 홍준표 복당 촉구 “강경보수 프레임 걸려 조롱, 몰인간적 선동정치”",2021-05-10 07:58:00,닉네임 입력,2021-05-11 01:44:19,"장제원님 옳으신말씀.빨리 복당시키라.
어느 찌질이들이 막고있나"
"장제원, 홍준표 복당 촉구 “강경보수 프레임 걸려 조롱, 몰인간적 선동정치”",2021-05-10 07:58:00,Harimao,2021-05-11 00:46:40,장제원 자식하나 다스리지 못한 자가 국민을 위해 정치를 한다니 넌센스다!홍준표 복당은 당내 기득권 밥그릇 싸움에 논쟁거리가 되고 있는데 홍준표나장제원이나 정치적 인기발언에 국민기만하는 모습이 참 역겹다
"장제원, 홍준표 복당 촉구 “강경보수 프레임 걸려 조롱, 몰인간적 선동정치”",2021-05-10 07:58:00,닉네임 입력,2021-05-11 01:45:57,대중이 자식들바라 다 감옥에 들락 날락.재명이는 총각행세 쌍욕의 대가인데 뭔 누굴 나무라고있나 지금
"장제원, 홍준표 복당 촉구 “강경보수 프레임 걸려 조롱, 몰인간적 선동정치”",2021-05-10 07:58:00,청안,2021-05-11 00:00:48,도대체가 홍의원 만큼 경륜이 있고 문 정권과 제대로 싸울수 있는 인사가 누가 있는가? 국민의당 내의 복당 반대파들이 어떤 부류의 인간들인지 눈 여겨 볼 일이다.
"장제원, 홍준표 복당 촉구 “강경보수 프레임 걸려 조롱, 몰인간적 선동정치”",2021-05-10 07:58:00,닉네임 입력,2021-05-10 23:01:38,복당많이 시켜라 국힘하고는 끝이다.
"장제원, 홍준표 복당 촉구 “강경보수 프레임 걸려 조롱, 몰인간적 선동정치”",2021-05-10 07:58:00,대필,2021-05-10 14:17:29,"장의원님의 말씀이 백번지당합니다. 국힘당을 편파적이고,이기적으로 만드는, 홍의원님의 복당불가를 외치는 국짐당의 쓰레기 국개의원들은 버려야 합니다."
"장제원, 홍준표 복당 촉구 “강경보수 프레임 걸려 조롱, 몰인간적 선동정치”",2021-05-10 07:58:00,이무기,2021-05-10 13:40:54,니 아들부터 잘 관리해라. 언젠가 큰일 한번 할 인물이다... ㅋㅋ
"장제원, 홍준표 복당 촉구 “강경보수 프레임 걸려 조롱, 몰인간적 선동정치”",2021-05-10 07:58:00,닉네임 입력,2021-05-11 01:59:31,"죽은 대중이보고 그런소리해라 .
그런인간을 동상씩이나 ㅋ"
"장제원, 홍준표 복당 촉구 “강경보수 프레임 걸려 조롱, 몰인간적 선동정치”",2021-05-10 07:58:00,닉네임 입력,2021-05-10 12:08:11,"홍준표 복당하면 당이 시끄러워진다,
분열되어 갈것이다, 그러면 중도 층들은 떠나갈것이다"
"장제원, 홍준표 복당 촉구 “강경보수 프레임 걸려 조롱, 몰인간적 선동정치”",2021-05-10 07:58:00,닉네임 입력,2021-05-11 01:56:14,중도 중도하다 이대로가면 보수다 떠난다
"장제원, 홍준표 복당 촉구 “강경보수 프레임 걸려 조롱, 몰인간적 선동정치”",2021-05-10 07:58:00,닉네임 입력,2021-05-11 01:48:47,"중도층이 온다면 어떻할래?지금 히마리없는 국힘당 누가지지하나,홍 들어요면 비로소 국힘당이 힘을발휘할것"
"장제원, 홍준표 복당 촉구 “강경보수 프레임 걸려 조롱, 몰인간적 선동정치”",2021-05-10 07:58:00,청안,2021-05-11 00:02:17,정신나간 친구로군. 허긴 세상에는 별의별 인간이 다 있는 법이니. ㅉㅉ
"장제원, 홍준표 복당 촉구 “강경보수 프레임 걸려 조롱, 몰인간적 선동정치”",2021-05-10 07:58:00,친절봉사,2021-05-10 10:18:09,"홍준표가 복당 하는걸 반대하지는 않으나 대선에 출마하는건 인지도가 부족해서 안된다
대선 후보는 여론수렴해서 될사람을 내보내는게 맞다고 본다. 시원찮은 인간들이 나와면 정권교체는 물 건너 가는것이다. 대권에 욕심을 갖고있는 사람들은 자가 자신을 둘러보기바란다"
"장제원, 홍준표 복당 촉구 “강경보수 프레임 걸려 조롱, 몰인간적 선동정치”",2021-05-10 07:58:00,청안,2021-05-11 00:02:59,당신이 뭔 알어?
"장제원, 홍준표 복당 촉구 “강경보수 프레임 걸려 조롱, 몰인간적 선동정치”",2021-05-10 07:58:00,bt,2021-05-10 10:03:17,"유승민이 똘마니 김웅 이라는 놈이 당대표하겠다고 나대는 상황에서 홍준표는 당연히 복당해야 한다.
김웅이라는 놈이 당대표하고 김종인이가 상왕노릇하면서 윤석열이를 내세워서 킹메이커 역할을 해보겠다는 것이 김종인과 유승민놈의 개같은 꿈이다.
이런 상황이면 홍준표를 복당시켜라"
"장제원, 홍준표 복당 촉구 “강경보수 프레임 걸려 조롱, 몰인간적 선동정치”",2021-05-10 07:58:00,스카이송,2021-05-10 09:53:38,당내 리더쉽 역학 관계 보다 대선 승리가 우선.
"장제원, 홍준표 복당 촉구 “강경보수 프레임 걸려 조롱, 몰인간적 선동정치”",2021-05-10 07:58:00,sanpool,2021-05-10 09:44:47,기회주의자야 니 아들부터좀 제대로 가르치고 사회에 대해 이러쿵저러쿵 떠들어라. 기본도안되있는것들이 남에게 뭘 지적을한단말이냐 ㅉㅉ 홍준표는 지발로 나간거다 지도력은없고 주뎅이만살어서 온갖 악담만하는 인간이 보수의 대표일수는없다 장제원이 니도 같이 나가서 홍준표랑 무
"장제원, 홍준표 복당 촉구 “강경보수 프레임 걸려 조롱, 몰인간적 선동정치”",2021-05-10 07:58:00,닉네임 입력,2021-05-11 01:51:43,문빠가 들어와 분탕칠하고가네 ㅉ
"장제원, 홍준표 복당 촉구 “강경보수 프레임 걸려 조롱, 몰인간적 선동정치”",2021-05-10 07:58:00,칼튼힐,2021-05-10 09:40:58,"홍준표의원의 복당은 당연히 이루어져야 한다.
자기 이익을 위해 복당을 반대하는 조무래기들은 궈변을 그만두라"
"장제원, 홍준표 복당 촉구 “강경보수 프레임 걸려 조롱, 몰인간적 선동정치”",2021-05-10 07:58:00,스카이송,2021-05-10 09:40:05,대선 승리 위하여 중도층 지지가 필수.
"장제원, 홍준표 복당 촉구 “강경보수 프레임 걸려 조롱, 몰인간적 선동정치”",2021-05-10 07:58:00,retn88,2021-05-10 09:36:45,장제원이 당대표 하고 홍준표 당장 복당 시켜라.
"장제원, 홍준표 복당 촉구 “강경보수 프레임 걸려 조롱, 몰인간적 선동정치”",2021-05-10 07:58:00,스카이송,2021-05-10 09:30:53,대선후 복당이 좋을듯. 흥분 상태에서 내부총질을 하는 사람이라서 중도 확장성에 도움이 안돼
"윤석열, 외교-노동 등 자문하며 ‘열공 모드’… 안철수, 야권통합 본격 기싸움",2021-05-06 03:00:00,godisgood3,2021-05-10 03:00:00,"국민들이 원하는 대한민국 ㅡ 압도적 기술 Technology Korea. 압도적 4차산업기술로서 1. 자주국방, 2. 세계시장 석권. 부유한 한국. 3. 따뜻한 사회, 복지 한국. 이 세가지 비전으로 완벽히 무장하실 것"
"윤석열, 외교-노동 등 자문하며 ‘열공 모드’… 안철수, 야권통합 본격 기싸움",2021-05-06 03:00:00,godisgood3,2021-05-10 02:54:50,"1.언행에 절제히실 것. 2.국운 상승기에 있는 대한민국의 비전을 선포하실 것. 첫째도 기술, 둘째도 기술, 셋째도 기술 한국이 살 길임을 선포하실 것. 3. 자유민주주의, 극단주의 배격, 경제민주화 (포용적 경제) 공동체 - 독일 기민당 참조"
"윤석열, 외교-노동 등 자문하며 ‘열공 모드’… 안철수, 야권통합 본격 기싸움",2021-05-06 03:00:00,rpdls,2021-05-06 11:22:58,윤석렬이 대권 후보로 뜨는 대한민국의 국민 수준을 보면 아직도 한국은 2류 국가다.단순히 문가의 압박에 대항 조금 했다고 대선 후보 반열에 그것도 1위까지 올랐다는 것 보면 이 나라 국민 수준이 얼마나 낮은지 한심한 지경이다.
"윤석열, 외교-노동 등 자문하며 ‘열공 모드’… 안철수, 야권통합 본격 기싸움",2021-05-06 03:00:00,aegis,2021-05-06 11:14:59,"제 3지대 만들어줘요. 민주당, 국민힘, 국민당에 쓸만한 의원들 동조할 의원들 모아주면 됩니다. 이게 뭡니까 나라꼴이!! 곧 임혜숙, 김부겸 비리역대급들도 장관 총리하겠다는 정권은 참 대단해. 이C 레임덕 터보엔진 달리는거... 터보에 슈퍼차져까지 안드로메다로 가는"
"윤석열, 외교-노동 등 자문하며 ‘열공 모드’… 안철수, 야권통합 본격 기싸움",2021-05-06 03:00:00,내생각은..,2021-05-06 10:52:28,윤총장. 모내기하는 논을 찿아가 스스럼없이 바지를 걷어올리고 열심히 모를심다가 새참때는 거머리가 다리에 붙은대로 논두렁에 농민들과 주저앉자 스스럼없이 막걸리를 들이켜던 근대의 名君 박정희大王의 백성을 위한 아낌없는 스타일을 공부해 보고 또 실천해봐요. 그러면 엄지척이!
"윤석열, 외교-노동 등 자문하며 ‘열공 모드’… 안철수, 야권통합 본격 기싸움",2021-05-06 03:00:00,훈요십조,2021-05-06 10:28:56,"느리지만 착실하게............
최고가 되려면 서두르지 말고 천천히............
나설 때는 화끈하게................
국가와 국민을 위해서..............
법치주의로 대한민국을 선진국으로 나아가게...........윤 석 렬 화이팅!"
"윤석열, 외교-노동 등 자문하며 ‘열공 모드’… 안철수, 야권통합 본격 기싸움",2021-05-06 03:00:00,동해와백두,2021-05-06 10:27:56,이제 공부도하고 실전도 보면서 대통 갑시다
"윤석열, 외교-노동 등 자문하며 ‘열공 모드’… 안철수, 야권통합 본격 기싸움",2021-05-06 03:00:00,정병산,2021-05-06 10:17:15,"표 줄 사람에게 물어나 보고?
열공해 봐야
칼쓰는 기술 밖에는...
이사람아
대통령은 칼을 쓰는게 아니라
-인.지.덕-으로 무장 하는거야."
"윤석열, 외교-노동 등 자문하며 ‘열공 모드’… 안철수, 야권통합 본격 기싸움",2021-05-06 03:00:00,동해와백두,2021-05-06 10:27:08,문奴들이 뭘 알겠나 주인집 마당이나 쓸게
"윤석열, 외교-노동 등 자문하며 ‘열공 모드’… 안철수, 야권통합 본격 기싸움",2021-05-06 03:00:00,파워,2021-05-06 09:08:44,인간 쓰레기들 나라를 망치는 놈들 싹 쓸이 할 날이 귀하로 부터 이루어 지기를 소망 한다.
"윤석열, 외교-노동 등 자문하며 ‘열공 모드’… 안철수, 야권통합 본격 기싸움",2021-05-06 03:00:00,sunoiu,2021-05-06 07:50:43,"인간백정이 윤석열이 무슨 열공모드,,호박에 줄 긋는다고 수박 되냐,,"
"윤석열, 외교-노동 등 자문하며 ‘열공 모드’… 안철수, 야권통합 본격 기싸움",2021-05-06 03:00:00,글캐,2021-05-06 07:05:11,윤석열과 안철수는 본격적인 대선경쟁 일어나면 기존 정치인들을 못 당할 것이다
"윤석열, 외교-노동 등 자문하며 ‘열공 모드’… 안철수, 야권통합 본격 기싸움",2021-05-06 03:00:00,동해와백두,2021-05-06 10:28:49,웃음만 나온다
"윤석열, 외교-노동 등 자문하며 ‘열공 모드’… 안철수, 야권통합 본격 기싸움",2021-05-06 03:00:00,동사랑,2021-05-06 06:36:26,"윤석렬 더블당 간다! 1표
야당 분열시키는것이 목적"
"윤석열, 외교-노동 등 자문하며 ‘열공 모드’… 안철수, 야권통합 본격 기싸움",2021-05-06 03:00:00,동해와백두,2021-05-06 10:29:11,그건 아닐듯
"차기 대선 적합도, 이재명 25% 윤석열 22%…오차범위내 ‘팽팽’",2021-04-22 14:13:00,김찬중2,2021-04-22 18:37:23,"아마,(99,9%확신)리재명이가 김부선씨에게 진심으로 사죄(공짜로 거시기 한것)하고 다만 쌀 한말 이라도 안보냈다?이러면 영화관 문닫어야된다,,김부선씨가 유세장 마다 쫒아다니며 휴대용 마이크로,야! 재명아 네가 인간이냐? 공짜로거시기하고 쌀한말 안보낸눔이다,,하면?"
"차기 대선 적합도, 이재명 25% 윤석열 22%…오차범위내 ‘팽팽’",2021-04-22 14:13:00,나다,2021-04-22 17:26:52,이재명이 달님 불법행위 영창으로 선언하면 바로 1위등극인데 당내 경선탈락 이지만...
"차기 대선 적합도, 이재명 25% 윤석열 22%…오차범위내 ‘팽팽’",2021-04-22 14:13:00,donkin7,2021-04-22 17:20:05,"궁민 다시 눈 머는가
감사원장 최재형이 국가관리
최우선자다
똑바로 해
구렁이 처럼 둔갑하는 놈 내버리고
진정한 애국자 찿아라"
"차기 대선 적합도, 이재명 25% 윤석열 22%…오차범위내 ‘팽팽’",2021-04-22 14:13:00,leeji50,2021-04-22 17:18:14,아!전라여! 이재명은 전라인이 아니랍니다.
"차기 대선 적합도, 이재명 25% 윤석열 22%…오차범위내 ‘팽팽’",2021-04-22 14:13:00,갑산,2021-04-22 16:14:01,"둘다 싫다
차라리 어렵지만
최재형 감사원장님이 답이다"
"차기 대선 적합도, 이재명 25% 윤석열 22%…오차범위내 ‘팽팽’",2021-04-22 14:13:00,그린울프,2021-04-22 15:42:57,이번 대선도 전라도 대표 이씨와 경상도 대표 윤씨 2파전인가....
"차기 대선 적합도, 이재명 25% 윤석열 22%…오차범위내 ‘팽팽’",2021-04-22 14:13:00,비상사태,2021-04-22 15:15:55,엠브레인퍼블릭·케이스탯리서치·코리아리서치·한국리서치 4개 여론조사업체 조사결과 이젠 그만좀 실어라. 엊그제 리얼미터에서 윤석열 37.5% : 이재명 22% 발표했는데 이틀만에 다시 역전이냐? 윤석열 이기는 여론조사 나오면 꼭 다음날 저4개업체에서 이재명이 역전하더라.
"차기 대선 적합도, 이재명 25% 윤석열 22%…오차범위내 ‘팽팽’",2021-04-22 14:13:00,타워링,2021-04-22 15:13:13,"이 재명이 형수 거시기 찣어 버린다는 놈이,
민주당 대통령 지지도 일위,
개가 웃겠다"
"차기 대선 적합도, 이재명 25% 윤석열 22%…오차범위내 ‘팽팽’",2021-04-22 14:13:00,마포,2021-04-22 15:07:57,"발표때마다 왔다갔다 하는 지지율. 별로 신뢰 안간다.
그나저나 이재명은 문재인 강화버전임. 누굴 탓하랴.. 지들 수준에 맞는 지도자를 가질 수 밖에 없는데.."
"차기 대선 적합도, 이재명 25% 윤석열 22%…오차범위내 ‘팽팽’",2021-04-22 14:13:00,digitalman,2021-04-22 15:04:29,"국민을 어떻게 취급하면 인기가 올라간다는 것을 이지사는 정확히 알고있다...
그러니 더욱 국가 앞날이 두렵다"
"유승민 “대권 마지막 도전, 배수진 쳤다…尹 강하지만”",2021-04-05 10:19:00,lse1,2021-04-06 10:31:00,배수진 아니라 활복한다고 해도 배신자는 인돼
"유승민 “대권 마지막 도전, 배수진 쳤다…尹 강하지만”",2021-04-05 10:19:00,닉네임 입력,2021-04-06 09:37:31,"유승민은 지금 이 나라를 이 꼴로 만들어진 것에 책임이 없나?
책임이 있다면 사과는했나?
당을 만들어 나갔다가 왜 돌아왔나 혼자는 안될것 같으니까 돌아 왔으면 나간것이 잘못되었다고 사과해야지 않나,
슬그머니 들어와 또 그들의 힘으로 대선나간다고 하니 한심하다"
"유승민 “대권 마지막 도전, 배수진 쳤다…尹 강하지만”",2021-04-05 10:19:00,사무엘7,2021-04-05 17:03:52,"유승민씨 초치지 말고 윤석렬씨를 밀어주세요
정말 나라를 위한다면 말입니다"
"유승민 “대권 마지막 도전, 배수진 쳤다…尹 강하지만”",2021-04-05 10:19:00,lse1,2021-04-06 10:32:00,얘가 밀면 윤총장 두뒤로 밀려요
"유승민 “대권 마지막 도전, 배수진 쳤다…尹 강하지만”",2021-04-05 10:19:00,sbh****,2021-04-05 16:54:30,"자다가 왠봉창 두둘기는소리냐??
자고로 입술엷은자와는 상대하지말라"
"유승민 “대권 마지막 도전, 배수진 쳤다…尹 강하지만”",2021-04-05 10:19:00,lse1,2021-04-05 16:02:03,"배신의 아이콘!
당신들 때문에 보수가 지리멸렬된거 모르시나요?
박근혜대통령이 없어지면 그 권력이 당신들 차지일줄 알았겠지
그 결과 보수는 손가락질의 대상이 되었지 지역감정의 골은 더욱 깊어지고 빈부갈등과 세대간 갈등이 시작되고 비아를구별하는 능력도 옅어지고 니 책임이야"
"유승민 “대권 마지막 도전, 배수진 쳤다…尹 강하지만”",2021-04-05 10:19:00,Left 박살,2021-04-05 15:46:12,염치없는넘.너는 동장도 과분해.
"유승민 “대권 마지막 도전, 배수진 쳤다…尹 강하지만”",2021-04-05 10:19:00,닉네임 입력,2021-04-05 15:25:58,"유승민 의원! 귀하는 좋은 분일지는 몰라도, 정권을 되찾아올 수 있는 좋은 정치적 상품으로는 모자랍니다. 야권의 힘을 모으는 데에나 헌신하세요!"
"유승민 “대권 마지막 도전, 배수진 쳤다…尹 강하지만”",2021-04-05 10:19:00,동해와백두,2021-04-05 15:20:12,도대체 무슨 낯짝이 그렇게도 두껍나?꼴도 보기싫다
"유승민 “대권 마지막 도전, 배수진 쳤다…尹 강하지만”",2021-04-05 10:19:00,jyh영영영,2021-04-05 14:53:35,천하에역적같은x이 정권욕에 나라를 이렇게만든X들이 .이xxxxxx 아 너희같은X이 정치를하니가 나라가 이모양이다
"유승민 “대권 마지막 도전, 배수진 쳤다…尹 강하지만”",2021-04-05 10:19:00,현미경,2021-04-05 14:52:34,앤또 왜나와...
"유승민 “대권 마지막 도전, 배수진 쳤다…尹 강하지만”",2021-04-05 10:19:00,게스트다,2021-04-05 14:45:02,니가 박근혜 대통령 탄핵 시켰을때 이미 너의 정치적 생명은 끝이 났었다
"유승민 “대권 마지막 도전, 배수진 쳤다…尹 강하지만”",2021-04-05 10:19:00,파쏘,2021-04-05 14:17:11,너는 1000년을 도전해도 안된다. 가서 구청장이나 도전해라.
"유승민 “대권 마지막 도전, 배수진 쳤다…尹 강하지만”",2021-04-05 10:19:00,kdtejtc,2021-04-05 13:32:41,"참, 같잖다."
"유승민 “대권 마지막 도전, 배수진 쳤다…尹 강하지만”",2021-04-05 10:19:00,bt,2021-04-05 12:38:36,유승민이는 잘나가는 윤석열이에게 갠새이놓지 말고 그만 꺼져라!
"유승민 “대권 마지막 도전, 배수진 쳤다…尹 강하지만”",2021-04-05 10:19:00,종은,2021-04-05 12:34:55,너의 배신으로 현재 대한민국이 고생하고 있다. 너의 죄를 조금이나마 알고 있다면 제발 찌그러져서 나타나지 말아라. 행여 표 깎아먹을 심산이라면 더불어성추행당으로 갈아타서 출마해라.
"유승민 “대권 마지막 도전, 배수진 쳤다…尹 강하지만”",2021-04-05 10:19:00,긴도깡,2021-04-05 12:13:45,유가야 고마해라 평생을 국회의원하면서 세금많이 뜯어갔다 민주벌갱이들하고 같이 집에나 가거라 그것이 마지막 너임무다
"유승민 “대권 마지막 도전, 배수진 쳤다…尹 강하지만”",2021-04-05 10:19:00,어느덧중년,2021-04-05 11:52:25,보수표 빨아먹는 거머리 같은 놈
"유승민 “대권 마지막 도전, 배수진 쳤다…尹 강하지만”",2021-04-05 10:19:00,달무리,2021-04-05 11:42:20,하늘이두쪽나도 유승민역적은 안된다~~
"유승민 “대권 마지막 도전, 배수진 쳤다…尹 강하지만”",2021-04-05 10:19:00,Hyang Lee,2021-04-05 11:33:26,선거공학.너거가 나안찍으면 어쩔건데심뽀.국민은 선택권 강요받는.유승민이자가 계산만있고 국민은없는 흉악한정치꾼
"유승민 “대권 마지막 도전, 배수진 쳤다…尹 강하지만”",2021-04-05 10:19:00,김부기,2021-04-05 11:19:26,"박근혜 대통령 탄핵에 앞장서고 문재인 독재국가 만드는데 일등공신 인간이 바로 유승민이 같은 배신패거리땜이다 서울 부산 야당유세현장에 유승민이 상판 어슬렁 거리는건
다된밥에 흑탕질로 야당표 날라간다 유승민이는 뒷전으로 완전 꺼저주기 바란다"
"유승민 “대권 마지막 도전, 배수진 쳤다…尹 강하지만”",2021-04-05 10:19:00,노머시,2021-04-05 11:18:19,"유승민이가 순시리의 아바타, 무능한 퇴보우파 근혜를 때린 것은 잘한 일이나, 이후 퇴보좌파 뭉가일당이 등장한 것에 대해 아무대책도 없이 저지른 게 크나큰 과오. 그러니 무자격자. 꿈깨고 윤석열의 거름역이나 하거라."
"유승민 “대권 마지막 도전, 배수진 쳤다…尹 강하지만”",2021-04-05 10:19:00,twojy,2021-04-05 11:00:25,"둘 모두
박근혜 대통령께
상처 준 인물들이지만
각각 그 내용은 서로 좀 다르겠지.
판단은 국민의 몫이겠고."
"유승민 “대권 마지막 도전, 배수진 쳤다…尹 강하지만”",2021-04-05 10:19:00,vt1988,2021-04-05 10:57:56,박근혜를 배신하고 문재인에게 청와대 앞길에 붉은카펫을 깔아 즈려밟게 해서 이나라를 이모양 이꼴로 만들게한 인간이 무슨 낯짝으로 나타나서 뻔뻔한 짓거리인가? 냉큼 꺼져라!
"유승민 “대권 마지막 도전, 배수진 쳤다…尹 강하지만”",2021-04-05 10:19:00,독자1203,2021-04-05 10:45:22,뒷통수 치는 배신자의 최후로군.
"유승민 “대권 마지막 도전, 배수진 쳤다…尹 강하지만”",2021-04-05 10:19:00,흥부,2021-04-05 10:40:27,대한민국을 위해 사라져야 할 인간
"유승민 “대권 마지막 도전, 배수진 쳤다…尹 강하지만”",2021-04-05 10:19:00,박상우,2021-04-05 10:39:42,"대권이라....
다시는 이땅에 종북좌파가 집권하지 않기를 바라고
정치사에 다시는 반역의 배신이 없기를 바란다
불쌍하고 어리섞은 모리배 정치꾼들 땜에
국가가 국민이 얼마나 망가지고 힘들었는가를 니네들은 알기나 하니"
"유승민 “대권 마지막 도전, 배수진 쳤다…尹 강하지만”",2021-04-05 10:19:00,큰바위,2021-04-05 10:39:11,사정이야 어찌 되었던 경상도는 배신자는 안좋아해..
"유승민 “대권 마지막 도전, 배수진 쳤다…尹 강하지만”",2021-04-05 10:19:00,twojy,2021-04-05 11:00:56,"둘 모두
박근혜 대통령께
상처 준 인물들이지만
각각 그 내용은 서로 좀 다르겠지.
판단은 국민의 몫이겠고."
文대통령 지지율 30%선 첫 붕괴… 당청 지지율도 3주 연속 역전,2021-05-01 03:00:00,훈요십조,2021-05-01 17:40:02,"국민의 여론을 조작질하여 공산주의자넘에게 이롭게 한
드루킹일당을 광화문 광장에서 국민의 이름으로
몽둥이로 때려죽여야만 여론조작이나 여론조사조작이 줄어든다!!!"
文대통령 지지율 30%선 첫 붕괴… 당청 지지율도 3주 연속 역전,2021-05-01 03:00:00,사과사,2021-05-01 14:33:58,"윤석열·김정숙·문재인이 박원순 살해 혐의로 입건돼 피의자가 됐다
사인은 전신이 허공에 매달린 질식사다 그런데 시반이 뒷덜미 허리 등 허벅지에 나타나 있다 즉 타살된 뒤 옮겨진 것이다 https://blog.naver.com/cnamsung/222170443857"
文대통령 지지율 30%선 첫 붕괴… 당청 지지율도 3주 연속 역전,2021-05-01 03:00:00,나다,2021-05-01 13:02:09,민초의 목구멍은 관심이 없고 오로지 검찰개혁만 민초가 감사님 만날 확율이...
文대통령 지지율 30%선 첫 붕괴… 당청 지지율도 3주 연속 역전,2021-05-01 03:00:00,내생각은..,2021-05-01 12:47:07,29%는 절대 믿을 수 없는 한국갤럽이 한 것이고. 길거리미터가 했다면 29%는 커녕 19%도 안나왔을거다.
文대통령 지지율 30%선 첫 붕괴… 당청 지지율도 3주 연속 역전,2021-05-01 03:00:00,나도국민이다,2021-05-01 11:47:03,문대통령의 임기말에 인지도가 더 떨어질끼 염려 되네
文대통령 지지율 30%선 첫 붕괴… 당청 지지율도 3주 연속 역전,2021-05-01 03:00:00,donkin7,2021-05-01 11:17:43,"탄핵 가기전에
자결을 택하겟지?"
文대통령 지지율 30%선 첫 붕괴… 당청 지지율도 3주 연속 역전,2021-05-01 03:00:00,aegis,2021-05-01 10:59:52,앞으로가라 제발..... 과거? 이제좀 묻어두고 발등에 떨어진 불덩이를 치워야 꺼야 할거 아닌가.... 이게 니가 보여주고자 한 &quot;단 한번도 경험해보지 못한 나라&quot;의 현실인가..
文대통령 지지율 30%선 첫 붕괴… 당청 지지율도 3주 연속 역전,2021-05-01 03:00:00,aegis,2021-05-01 10:58:14,20살 젊은이들의 마음은 ㅎㅎㅎ 아주아주 오래갈거야.... 선거를 4년마다 한다면 10번이상은 할거니까. 이렇게 니들은 젊은 사람들의 마음을 그지같이 만들었어. 집값? 죽을때까지 못갖겠지. 코로나에 폭망한 세대고 빈부차는 최악이고... 니들 주머니는 두둑하지
文대통령 지지율 30%선 첫 붕괴… 당청 지지율도 3주 연속 역전,2021-05-01 03:00:00,modory,2021-05-01 10:01:39,29프로는 잘 한다니 참 불가사의하다. 이런 무능 인간을 잘한다니 어이없다.
文대통령 지지율 30%선 첫 붕괴… 당청 지지율도 3주 연속 역전,2021-05-01 03:00:00,기가찬다,2021-05-01 09:52:15,29%는 홍어 땟놈 간첩의 합산.. 답은 홍어 격리수용 댓놈 입국금지 떄려잡자 간첩..
文대통령 지지율 30%선 첫 붕괴… 당청 지지율도 3주 연속 역전,2021-05-01 03:00:00,任我行,2021-05-01 08:55:30,5%선 붕괴도 하루빨리 왔으면 좋겠습니다.
文대통령 지지율 30%선 첫 붕괴… 당청 지지율도 3주 연속 역전,2021-05-01 03:00:00,sunoiu,2021-05-01 08:13:52,"이와중에 국민의짐 지지율 28프로는 뭐냐,,
나라가 망해도 국민의짐은 대안이 아니라는거다,,"
文대통령 지지율 30%선 첫 붕괴… 당청 지지율도 3주 연속 역전,2021-05-01 03:00:00,밤꽃필때,2021-05-01 18:00:13,그러게 이런 식으로 했다가 재보선 46대0 나왔던데...- 앞으로도 요런 것만 찾아서 자위하면서 반격하고 밀어부치면 대선도 지방선거도 완패할 것은 불보듯 뻔하니 부디 부탁하는데 앞으로도 계속 이렇게 해주길 간절히 바라오. 변함없는 뻘 짓 기대하리다.
文대통령 지지율 30%선 첫 붕괴… 당청 지지율도 3주 연속 역전,2021-05-01 03:00:00,기가찬다,2021-05-01 09:49:20,그쟈 걱정이다 더부러강간당하고 문@죄인정부가 말아먹은 이라는 누가 살리냐..
文대통령 지지율 30%선 첫 붕괴… 당청 지지율도 3주 연속 역전,2021-05-01 03:00:00,kdtejtc,2021-05-01 07:47:57,난 보통사람이지만 대한민국에 테러와 폭력을 가한 토착공산당 문재인이를 지지하지 않는정도가 아니라 극혐한다. 아니 저주한다. 그 개는 한민족의 원수다. 인류의적 공산당이다.
文대통령 지지율 30%선 첫 붕괴… 당청 지지율도 3주 연속 역전,2021-05-01 03:00:00,훈요십조,2021-05-01 07:36:31,"앞으로 나아가야만 되는 상황임에도,
허구헌날 과거의 일 들만 파헤치고, 또 파헤치고,
재조사하고 또 재조사하고 그런다음 또 특검하고 이런 황당한 일들만 하면서
국민의 피와 같은 세금을 낭비해대는 종자 있을까요?"
文대통령 지지율 30%선 첫 붕괴… 당청 지지율도 3주 연속 역전,2021-05-01 03:00:00,이아무개,2021-05-01 06:26:30,이것도 못 믿겠다....어찌 29% 33% 씩이나? 19% 22%면 적당하다.
文대통령 지지율 30%선 첫 붕괴… 당청 지지율도 3주 연속 역전,2021-05-01 03:00:00,홍두깨 3,2021-05-01 06:15:43,"여론이 이런데도 계속 헛발질 하는 걸 보면 차기 대선에 무엇인가 단단히 믿는구석이 있는가봐?
그것이 무엇일까?"
文대통령 지지율 30%선 첫 붕괴… 당청 지지율도 3주 연속 역전,2021-05-01 03:00:00,똥지게꾼,2021-05-01 05:48:41,"20% 빼면 9%가 정답이다...하야 각 이네
박근혜 옆방 비워놔라
원전 정지는 반역죄로 다스려라"
‘이제 대선이다’ 빨라진 야권 움직임…윤석열·안철수 행보는?,2021-04-08 17:24:00,똥지게꾼,2021-04-08 22:46:34,"안철수의 간보기가 급수가 좀 올라갔네
보따리들고 미국으로 튀지도 않고...
긍민에게 물어 봤심니꽈 하지도읺고...그래도 간철수야
윤씨는 간 그만 보고 튀나와
아님 유엔사무총장 하든놈 같이 때리치와 뿌든지..."
‘이제 대선이다’ 빨라진 야권 움직임…윤석열·안철수 행보는?,2021-04-08 17:24:00,shp****,2021-04-08 21:36:06,안철수가 정치권에서 할수있는건 이제 소임을 다했으니 정치에서 인연을 끊고 자기 본직업으로 돌아가서 그일에 충실하게 임하는게 본인을 위하고 국가를 위하는 길임을 명심하라! 윤석열 차기 대통령 행보에 부담을 주지 않기를 바란다
‘이제 대선이다’ 빨라진 야권 움직임…윤석열·안철수 행보는?,2021-04-08 17:24:00,godee****,2021-04-08 21:24:57,"경축 축 축 !!!!!!!!! 야호 재건축 재개발 오시장 당선 첫날 1억 호가 상승
20-30세대가 원했던 것
강남 3구 만세 잘 부탁합니다"
‘이제 대선이다’ 빨라진 야권 움직임…윤석열·안철수 행보는?,2021-04-08 17:24:00,명준아빠,2021-04-08 20:52:30,"이제 보수도 국민들 대다수가 싫어하는 광주사태 북한군소행이라느니 이런짖거리는 좀 않했으면 한다, 전두환이도 많이해먹었으면 광주가서 되지기전에 사죄도 하고.. 경상도에 빌붙어서 실력없이 공천받은것들 정리좀하고. 없는사람들도 좀 생각하고..."
‘이제 대선이다’ 빨라진 야권 움직임…윤석열·안철수 행보는?,2021-04-08 17:24:00,명준아빠,2021-04-08 20:39:01,민주당이던 국힘이던 5년씩만 해먹어라.. 10년하면 또 나라 망쳐놓고 떨어져 되지고 또 쌩난리칠듯.. 5년씩만해... 어차피 민주당 180개 끌어않고 자폭중이니 앞으로 그리될 전망이 좀 밝은것 같기도 하다
‘이제 대선이다’ 빨라진 야권 움직임…윤석열·안철수 행보는?,2021-04-08 17:24:00,lavie,2021-04-08 19:40:46,"길은 여러 갈래지만

목적지는 한 곳."
‘이제 대선이다’ 빨라진 야권 움직임…윤석열·안철수 행보는?,2021-04-08 17:24:00,노머시,2021-04-08 19:23:47,다른 건 몰라도 아파트폭등으로 벼락거지로 내몰린 서민대중을 위해 주택가 하향안정화 정책은 반드시 시행해야 한다. 보유세 없애고 주거용건물에 대한 불로소득은 모두 환수한다는 취지에서 매수가에 물가인상분을 더한 금액 외 차액은 양도소득세로 전액환수하는 혁신대책이 필요하다.
‘이제 대선이다’ 빨라진 야권 움직임…윤석열·안철수 행보는?,2021-04-08 17:24:00,lavie,2021-04-08 19:12:26,"윤총장과 3명의 잠용들이 함께 나서
대선후부군 분위기를 형성하는 건 좋은 일.
시너지를 극대화 해 두면, 가뜩이나 불투명한
여정에서 유력후보 한명의 낙마가 있더라도
대타 기용이 쉬울 것.
다만 파인플레이가 전제돼야 시너지 극대화를
논할 수 있겠고."
‘이제 대선이다’ 빨라진 야권 움직임…윤석열·안철수 행보는?,2021-04-08 17:24:00,lavie,2021-04-08 19:34:33,정치란 어디로 튈지 모르는 럭비공.
‘이제 대선이다’ 빨라진 야권 움직임…윤석열·안철수 행보는?,2021-04-08 17:24:00,훈요십조,2021-04-08 19:11:33,"선진국과 후진국의 차이는 법률 준수여부로 판단한다!
미개한 나라일수록 거짓말과 불법이 판을 치며 특히 대통령패거리들의 비리가
심한데도 법을 집행하는 종자들이 오히려 눈치를 살살보면서 방관하거나 도와준다.
국법을 준수하는 것이 시급하다 고로 이번에 윤 석 렬 전총장이!"
‘이제 대선이다’ 빨라진 야권 움직임…윤석열·안철수 행보는?,2021-04-08 17:24:00,훈요십조,2021-04-08 18:55:01,"온 나라가 역주행은 수시로 일어나고 문재인패거리들이 국법을 화장실 휴지로
만든지 오래전이고 더듬어내로남불당원들 때문에
서울,부산재선거에 들어간 국민의 세금이 수백억원이다!
더듬당을 강제폐당시키고 재선거에 들어간 국민의 세금을 더듬당에서
반드시 강제환수 해야 된다"
"서울-부산 탈환한 제1야당, 제3지대와 대선 주도권 본격 경쟁",2021-04-08 03:00:00,bt,2021-04-08 12:09:25,"자유주의와 시장경제 체제를 신봉하는 자유보수우파의 승리다!
독재와 불의에 분노하지 않는 국민은 자유를 누릴 권리가 없다!
자유대한의 국민들이 문재인 공산 독재정권에 분노한 결과이다!
오늘의 자유보수우파의 승리를 축하한다!
자유대한민국만세!!"
"서울-부산 탈환한 제1야당, 제3지대와 대선 주도권 본격 경쟁",2021-04-08 03:00:00,piggy,2021-04-08 10:57:02,"이번 선거가 국민의 힘이 잘했다거나 오세훈, 박형준이 이뻐서 이긴게 아니다. 어디까지나 문정권의 실정과 폭정에 대한 반사이익이다. 국민의힘은 더욱 자애자중하고 특히 말실수 없게 조심해야 한다.(한 마디라도 실수하면 한겨레 등 친여매체들이 벌떼처럼 달려들 것 )"
"서울-부산 탈환한 제1야당, 제3지대와 대선 주도권 본격 경쟁",2021-04-08 03:00:00,piggy,2021-04-08 10:56:56,승리에 도취돼 민주당처럼 '승자의 저주'에 빠지지 마라
"서울-부산 탈환한 제1야당, 제3지대와 대선 주도권 본격 경쟁",2021-04-08 03:00:00,김삿갓선배,2021-04-08 10:17:29,안철수 홍준표 윤석열 모두 한 마당에서 진검승부를 하라! 단일화만 되면 필승이다! 사실 지난 대선도 마찬가지였다!
"서울-부산 탈환한 제1야당, 제3지대와 대선 주도권 본격 경쟁",2021-04-08 03:00:00,그레이스스,2021-04-08 06:13:41,이번 선거는 박근혜 때문에 진 것이다.
국민의힘 계파갈등 조짐…초선 ‘특정 지역당 극복’ 성명에 영남권 중진 반발,2021-04-09 20:50:00,SungJa Lee,2021-04-10 04:09:19,"김무성, 유승민은 정계 은퇴가 정답입니다. 모처럼 아주 어렵게 얻은 기회를 또 날려버리려 획책하는 유승민은 석고대죄하고 당장 당을 떠나라! 만약 유승인이 대선후보로 나온다면 기권하겠다."
국민의힘 계파갈등 조짐…초선 ‘특정 지역당 극복’ 성명에 영남권 중진 반발,2021-04-09 20:50:00,moonbj588,2021-04-10 03:24:37,"내가 볼 때 ,
김종인 만큼 통 크게 정치하는 분이 없다.
그 결과로 이번 선거도 이겼다.
마음에 맞지 않아도 다시 추대하면 희망이 있다."
국민의힘 계파갈등 조짐…초선 ‘특정 지역당 극복’ 성명에 영남권 중진 반발,2021-04-09 20:50:00,freezer,2021-04-10 02:44:32,운석열이 보수의 가치만 깨끗하게 정의하고 맘에 맞는 사람들만 묶어내면 니네들은 없어져도 되는 정당이여.. 지지리 못난 놈들이 뭔 영남 패거리 당파 싸움이야.. 적폐다 적폐 진짜 적폐다.. 경상도라구 뭐 전라도 보다 낫냐? 차제에 썩은 정신머리들은 좀 솎아내라..
국민의힘 계파갈등 조짐…초선 ‘특정 지역당 극복’ 성명에 영남권 중진 반발,2021-04-09 20:50:00,freezer,2021-04-10 02:40:25,지역 정당이 극복이 안되는 이유는 니네들이 보수의 가치조차 제대로 정의하고 있지 못하기 때문이야..지역이고 뭐고 관심도 없고 경상도나 전라도나 다 거기서 거기니까 가치 중심으로 모인 현대적 정당이 뭘지 그 고민이나 해라. 꼰대 정당 되기 싫으면 이 멍충이들아..
국민의힘 계파갈등 조짐…초선 ‘특정 지역당 극복’ 성명에 영남권 중진 반발,2021-04-09 20:50:00,정의로움,2021-04-10 02:39:39,기득권 및 한국 보수 망쳐 놈들이 중진~ 특히 김무성 등 영남 중진 놈들~~ 2선으로 물러나라 아니면 의원직 사퇴해라 양아치 🐕같은 중진 c8 🐦끼들아~~!!!!
국민의힘 계파갈등 조짐…초선 ‘특정 지역당 극복’ 성명에 영남권 중진 반발,2021-04-09 20:50:00,leeji50,2021-04-10 02:29:29,현정권의 일등공신이요 패륜아 유승민은 이유여하를 막론하고 절대 끼어들지 못하도록 해야한다. 김무성이란 인간도 마찬가지다.그 인간들은 이미 국민으로 부터 정치적 사형을 받았다. 어디서 얼굴을 감히 들이밀어! 옛날엔 증살시켰다.
국민의힘 계파갈등 조짐…초선 ‘특정 지역당 극복’ 성명에 영남권 중진 반발,2021-04-09 20:50:00,빅나티,2021-04-10 02:28:29,20대 초반인 나에게 민주당이든 국민의힘이든 '꼰대 정치인'들하곤 안 맞는다는 생각이 든다.
국민의힘 계파갈등 조짐…초선 ‘특정 지역당 극복’ 성명에 영남권 중진 반발,2021-04-09 20:50:00,地球主人,2021-04-10 01:45:29,"당내 계파는 어쩔수 없겠지만, 더이상 作黨짓은 하지맑ㅣ 바란다.
그동안 우리정치역에서 作黨,派黨, 分黨,離黨, 신물나."
국민의힘 계파갈등 조짐…초선 ‘특정 지역당 극복’ 성명에 영남권 중진 반발,2021-04-09 20:50:00,무악재,2021-04-10 01:39:28,특정 지역당 벗어나자는데 무슨 잡소리냐?..경상도 전라도 다 지겹다..이젠 정책정당으로 대결해라..니들 경상도 전라도는 이제 역사에서 좀 찌그러져도 된다는 게 민심이다..먼저 전라도 민주당부터 없어지고 그 즉시 경상도 당도 없어지고..빨갱이도 없어지고 태극기부대도 없어
국민의힘 계파갈등 조짐…초선 ‘특정 지역당 극복’ 성명에 영남권 중진 반발,2021-04-09 20:50:00,정의로움,2021-04-10 02:41:44,진정한 의식있는 국민~~ 나머진 국민도 아니고 나라 망쳐먹는 절라도 및 갱상도 양아치들
국민의힘 계파갈등 조짐…초선 ‘특정 지역당 극복’ 성명에 영남권 중진 반발,2021-04-09 20:50:00,diff99,2021-04-10 01:32:47,국민의 힘 열심히 내부투쟁해라. 난 윤석렬당으로 갈란다.
국민의힘 계파갈등 조짐…초선 ‘특정 지역당 극복’ 성명에 영남권 중진 반발,2021-04-09 20:50:00,포청천,2021-04-10 01:07:23,"중진은 개뿔
굶어 디지지 않으려고 대깨문에게 맹종하는 넘들

다음 선거에서는 죄다 빌어먹게 만들어야 한다

문가넘을 파면하라!"
국민의힘 계파갈등 조짐…초선 ‘특정 지역당 극복’ 성명에 영남권 중진 반발,2021-04-09 20:50:00,Tiger Jung,2021-04-10 01:06:41,"국민의 힘 원내대표, 당 대표는 모두 초선에서 맡아야 내년 정권교체 가능하다....제발 주호영, 김무성, 나경원 등 늙다리 물러가라"
국민의힘 계파갈등 조짐…초선 ‘특정 지역당 극복’ 성명에 영남권 중진 반발,2021-04-09 20:50:00,donkin7,2021-04-10 01:01:19,"사냥 끝나면 개 잡아 몸보신하는것이 전통인 집단
오늘의 망국을 만든 개들
유승민 김무성 정진석 하태경 주호영은 빠저라
무슨 명분으로 가덕도 공항건설도
주적과 합의한 놈들이
정치판에 얼굴을 내미냐
특히 초선 신원식 그 자도
날뛰네
부정선거 없다고? 참 웃기는 놈
천안함은"
국민의힘 계파갈등 조짐…초선 ‘특정 지역당 극복’ 성명에 영남권 중진 반발,2021-04-09 20:50:00,섬노자,2021-04-10 00:53:12,여든야든 살려둘넘 일도 없네ᆢ 전부 내쫓고 국회를 없애버려야 ᆢ 이것들 없는게 나라가 더욱 발전할것으로 본다! 국회든 지방의회든 전부 없애자!
국민의힘 계파갈등 조짐…초선 ‘특정 지역당 극복’ 성명에 영남권 중진 반발,2021-04-09 20:50:00,번동,2021-04-10 01:04:04,지방의회폐지에는 100% 찬성합니다.... 국민들의 피와땀으로 낸 세금만 빨아멱는 기생충들입니다....
국민의힘 계파갈등 조짐…초선 ‘특정 지역당 극복’ 성명에 영남권 중진 반발,2021-04-09 20:50:00,비타민,2021-04-10 00:17:32,"공당으로 거듭 나려면 댱연히 지역배경 에서 벗어나는 정책과 인적 쇄신이 절실하다~
특히 싱크 탱크가 없고 단일화한 목소리가 없고 항상 각자가 떠들고 내분이 일어나니 국민의 신뢰를 받을수 있겠는가?"
국민의힘 계파갈등 조짐…초선 ‘특정 지역당 극복’ 성명에 영남권 중진 반발,2021-04-09 20:50:00,밤꽃필때,2021-04-10 00:09:42,선거 끝나고 이틀 만에 하는 꼴봐라... 따지자면 중진들 책임이 월등하게 큰거 모르나? 모조리 잘라내고 능력있고 정직한 보수 인물들로 채울 수 있으면 얼마나 좋을까? 국민들은 당신들 좋아서 무조건 표찍는 기계아니다. 나쁜 놈들아..
국민의힘 계파갈등 조짐…초선 ‘특정 지역당 극복’ 성명에 영남권 중진 반발,2021-04-09 20:50:00,수고하심다,2021-04-10 00:08:36,민주당 초선의원 국힘 초선의원만 모아서 야권 대통합하면 대통령 나오겠다 나도 늙다리지만 한국도 케네디 같은 사람 나오는게 보고싶다
국민의힘 계파갈등 조짐…초선 ‘특정 지역당 극복’ 성명에 영남권 중진 반발,2021-04-09 20:50:00,gobawo,2021-04-10 00:06:15,"친박들 분명히들 해라
대다수 국민이 박근혜가 좋거나 친박이 좋아서 이번 선거에 승리를 준 것이 아니다
승리는 후보자가 친박이 아니기 때문이고 문정권 심판으로 보아야 한다
모지리 박근혜나 친박만 보았다면
지지층 50% 이상이 투표권 행사를 달리 했을 것이라는 여론이다"
국민의힘 계파갈등 조짐…초선 ‘특정 지역당 극복’ 성명에 영남권 중진 반발,2021-04-09 20:50:00,ehwndy,2021-04-09 23:42:41,유승민이나섰다면 국민의힘당은 아주탄핵때의원위치 그대로갈수있다 유승민이나서서 죄다박살의단초였다 박근혜대통당선되자 유승민이 신경제한다며 그대로박대통에 박치기한후부터 보수당이쪼개지기시작하고 친박대비박뭉치자~로 어떠했냐?박대통면전에 차기를말하지를않나 정신들차려라~한방에훅~간다
국민의힘 계파갈등 조짐…초선 ‘특정 지역당 극복’ 성명에 영남권 중진 반발,2021-04-09 20:50:00,gobawo,2021-04-09 23:41:01,"친박 세력은 자기들만의 권력 욕심 때문에
유승민 김무성 권성동 하태경 주호영 장재원같이
국민에게 큰 지지를 받는 인재들을 박근혜의 이름을 빌려 배척을 했다
모든 원인은 박근혜와 친박의 욕심으로 무덤을 판 것이다
친박 세력은 반성을 하고 조용히 있는 것이 도리다"
국민의힘 계파갈등 조짐…초선 ‘특정 지역당 극복’ 성명에 영남권 중진 반발,2021-04-09 20:50:00,섬노자,2021-04-10 00:54:35,배신자들은 반드시 손봐야 한다!
국민의힘 계파갈등 조짐…초선 ‘특정 지역당 극복’ 성명에 영남권 중진 반발,2021-04-09 20:50:00,주관자,2021-04-09 23:40:38,"국민의짐 쓰레기들아.
니들이 잘나서 잘해서 보궐선거 이긴 거 절대 아니거든.
국민이 나라 똑바로 세우라고 당선시킨 것이다.
국민의짐 니들이 한 건 그냥 숟가락들고 꿀 빤 거 말고는 없다.
생색내는 놈은 아갈통 찢어질줄 알아라."
국민의힘 계파갈등 조짐…초선 ‘특정 지역당 극복’ 성명에 영남권 중진 반발,2021-04-09 20:50:00,주관자,2021-04-09 23:39:03,"초선 주제에 북괴의원이랍시고 다 아갈통 놀리네.
지금이 싸울 때냐? 싸우고 싶거든 탈당해서 따불강간당에나 들어가라.
저 인간들 솔직히 김종인과 김형오 같은 잡놈이 공천해놓고 나가고 나서 내부 분란 일으키는 것이다.
자신의 입지를 확고하게 뿌리내리는 수작일 뿐다."
국민의힘 계파갈등 조짐…초선 ‘특정 지역당 극복’ 성명에 영남권 중진 반발,2021-04-09 20:50:00,이운호,2021-04-09 23:34:34,"진짜
답이없는 당인가?
환장하겠다
참 울나라 백성들...불쌍하다
어느당 하나 찍어줄 당이 없으니..
잘하는 정치인 수입 이라도 할수있으면
얼마나 좋을까?"
국민의힘 계파갈등 조짐…초선 ‘특정 지역당 극복’ 성명에 영남권 중진 반발,2021-04-09 20:50:00,gobawo,2021-04-09 23:31:27,"패거리 정치의 원조 친박들의 패권 때문에
밀려난 보수 인재들이 얼마나 많았던가
친박의 권력 욕심 때문에 모든 사단이 벌어진 것이다
국민의 지지를 받는 보수 인재들을 친박이 포용했더라면
나라꼴이 이렇게 되지 않았을 것이다
묵은 정치세력 친박은 반성 좀 해라"
국민의힘 계파갈등 조짐…초선 ‘특정 지역당 극복’ 성명에 영남권 중진 반발,2021-04-09 20:50:00,두메산꼴,2021-04-09 23:21:11,"발로채이면 표달라고 깽깽거리고
배때기 부르면 언제 봤냐고?
첨된넘이나 묵은넘이나 도찐개찐
유가나 김가 나오면 광주가서 살란다"
국민의힘 계파갈등 조짐…초선 ‘특정 지역당 극복’ 성명에 영남권 중진 반발,2021-04-09 20:50:00,k****1,2021-04-09 23:23:21,"자기편 공격하기전에, 깽깽이당에게 변해라고 소리쳐라. 독재국가도 아니고. 지지율이 80% 넘는 지역이 어딘가?"
국민의힘 계파갈등 조짐…초선 ‘특정 지역당 극복’ 성명에 영남권 중진 반발,2021-04-09 20:50:00,Theone,2021-04-09 23:01:05,고마 치아라 짜쓱들아!! 조선놈들은 가만 놔두마 저거까리 다 죽는다더니... 왜놈들 말이 맞네.. 초선 56명 김종인이 나가면서 열심히 하라는 말이 그렇게 해석되더나.. 그렇게 해야된다면 너흰 지금 이시기가 맞다고 보냐!?! 그리고 중진 너희도 소통좀해라.
국민의힘 계파갈등 조짐…초선 ‘특정 지역당 극복’ 성명에 영남권 중진 반발,2021-04-09 20:50:00,쏘울맨,2021-04-09 22:53:26,"이것들이 정신 못차렸구먼~~멍청한 인사들~한순간에 민심 떠난다,,,,그리고 말이란 한번 뱉음 다시 주어 담지 못하니 공인이면 항상 말 조심해라~~뼝아리들아~~"
국민의힘 계파갈등 조짐…초선 ‘특정 지역당 극복’ 성명에 영남권 중진 반발,2021-04-09 20:50:00,아가페,2021-04-09 22:53:11,쓴소리를 제대로 들어야지. TK당 이라는 조롱과 오명에서 벗어나야 되는데 송언석의원 이라는 인간이 의자가 부족하다고 같은당 직원에게 폭언과 폭행을 했다니 참 이런 갑질이세상에 또 어디있나? 유치하고 한심하다. 이자도 경북출신 이더만 ㅜㅜㅜ
국민의힘 계파갈등 조짐…초선 ‘특정 지역당 극복’ 성명에 영남권 중진 반발,2021-04-09 20:50:00,치술령,2021-04-09 22:35:54,"영남 강남에서 꿀 빨지말고 거친 황무지로
나가서 대가리가 깨지도록 싸우고 씨를 뿌려라
이 정신나간 것들아."
국민의힘 계파갈등 조짐…초선 ‘특정 지역당 극복’ 성명에 영남권 중진 반발,2021-04-09 20:50:00,일장춘몽,2021-04-09 22:28:20,"국민의힘 니네들은 이래서 하루도 못가는 하루살이들이라는거다.
참 한심스러운 인간들집합소 아직도 정신을 못차렸구만 극민의힘당 완전 초박살나라 이 犬만도 못한인간들 조금은 변했구나하고 찍었더니만 이것들이 하루도 못가서 꼴갑들하는구만"
국민의힘 계파갈등 조짐…초선 ‘특정 지역당 극복’ 성명에 영남권 중진 반발,2021-04-09 20:50:00,조원철,2021-04-09 22:28:08,"겸손하고 단결해야한다.경거망동하지말라
갈길이 멀다."
국민의힘 계파갈등 조짐…초선 ‘특정 지역당 극복’ 성명에 영남권 중진 반발,2021-04-09 20:50:00,k****1,2021-04-09 22:27:49,"참 웃기는건, 박근혜를 기소해서 징역 살이 하게 만든 윤석렬를 국민의힘 대선주자로 영입 할려는 것이다. 김무성,권성동,유성민등등은 않되고, 윤석렬이는 된다고? 참이상한 논리네...그렇게 누굴 배척하다간 또 정권 빼긴다. 정신차려라"
국민의힘 계파갈등 조짐…초선 ‘특정 지역당 극복’ 성명에 영남권 중진 반발,2021-04-09 20:50:00,k****1,2021-04-09 22:39:33,"ㅎㅎㅎ 그건 촛불집회에서 국민들이 일어나는데, 무성이 승민이가 별 수 있었겠나?. 그런소리와 같다. 윤총장이 박근혜 촛불집회때 당직자였으면 어땠을까? 상상이 가네요. 대통령을 보호 했을가? 아니면, 소신의 목소리를 내었을까?.내가보기엔 윤석렬이 정치 했으면 후자요"
국민의힘 계파갈등 조짐…초선 ‘특정 지역당 극복’ 성명에 영남권 중진 반발,2021-04-09 20:50:00,일장춘몽,2021-04-09 22:30:25,그건님이 모르는소리요 하남나알고 둘은모른다는소리요 무성이나 승민이는 같은솥밥을 먹던놈들이 한 것이고 윤 석열은 자신의 직무였기에 어쩔 수 없는 거요 그건 님이 윤총장이었더라도 어쩔 수 없었을 것이라 이해를 하시구려
국민의힘 계파갈등 조짐…초선 ‘특정 지역당 극복’ 성명에 영남권 중진 반발,2021-04-09 20:50:00,무당산도사,2021-04-09 21:45:40,싸워라...하이네나처럼 싸워라...늬들이 그것밖에 할 줄 아는게 뭐 있냐 !
국민의힘 계파갈등 조짐…초선 ‘특정 지역당 극복’ 성명에 영남권 중진 반발,2021-04-09 20:50:00,밤꽃필때,2021-04-09 21:33:33,중진들은 다소 억울할지도 모르나 들어주는게 답이다. 싫으면 그만 둬라. 국민들이 당신들을 위해 존재하는거 아니다.
국민의힘 계파갈등 조짐…초선 ‘특정 지역당 극복’ 성명에 영남권 중진 반발,2021-04-09 20:50:00,김부기,2021-04-09 21:29:55,"원내대표 당대표 뽑는데 영남이니 서울이니 개풀뜯는 소리는 필요없다 다만 당대표 원내대표 선출에 박근혜 대통령 탄핵에 민주당패거리 함께 문재인이 같은 무능한
독재정권 만드는데 일등공신한 탄핵7적 김무성 권성동 유승민 하태경 주호영 장재원 등등 놈들은 제외시켜야 된다"
국민의힘 계파갈등 조짐…초선 ‘특정 지역당 극복’ 성명에 영남권 중진 반발,2021-04-09 20:50:00,빅나티,2021-04-10 02:27:36,박근혜 탄핵 찬성한 윤석열 전 검찰총장은 그럼 어떡하라는 얘기죠? 김부기님 해명해주시죠?
국민의힘 계파갈등 조짐…초선 ‘특정 지역당 극복’ 성명에 영남권 중진 반발,2021-04-09 20:50:00,uni0000,2021-04-10 00:20:56,"그놈의 친박때문에 개작살나고 행정부 넘겨주고 지자체,입법부 넘겨줬으면 학습이란걸 해야하는거 아닌가.

2030들이 촛불들고 나간거 후회해서 오세훈 찍어줬을까? 민주당이 드럽게 못하고 역겨우니 찍어줬지.

어쩌면 하는꼬라지가 대깨문들이랑 똑같은지 답답하다 답답해."
국민의힘 계파갈등 조짐…초선 ‘특정 지역당 극복’ 성명에 영남권 중진 반발,2021-04-09 20:50:00,gobawo,2021-04-09 23:50:59,"자기만 아는 소리 그만해라
친박의 권력 욕심으로 많은 인재들을 배척했다
모든 원인은 권력자 박근혜의 책임이다
박근혜와 친박 정치 세력이 인재를 아우르지 못한 사단으로 무덤을 판 것이다
자기 죄를 남에게 지우려 하지 마라"
국민의힘 계파갈등 조짐…초선 ‘특정 지역당 극복’ 성명에 영남권 중진 반발,2021-04-09 20:50:00,k****1,2021-04-09 22:33:37,"박근혜기소한 윤석렬이는 국민의힘 대선후보로 찬성하나요? 홍준표,김무성,유승민,장재원,주호영,권선동은 않된다고?. 牽强附會요"
"유승민 “윤석열, 결국 국민의힘과 합칠 수밖에 없을 것”",2021-03-29 10:45:00,sbh****,2021-03-29 16:16:09,남의 다리나 팎팎 긁는거시기..
"유승민 “윤석열, 결국 국민의힘과 합칠 수밖에 없을 것”",2021-03-29 10:45:00,518폭도,2021-03-29 13:24:15,"더러운 배신자
그 꾸렁네 진동하는 여물통 다물라!

자유우파 표 날아간다
선거유세장에 기웃거리면서 나오지마라
마치
좀비가 살아날려고 꿈틀꺼리는것 같다"
"유승민 “윤석열, 결국 국민의힘과 합칠 수밖에 없을 것”",2021-03-29 10:45:00,518폭도,2021-03-29 13:21:49,"배신자 유승민
악취나는 그 아,가리 다물라"
"유승민 “윤석열, 결국 국민의힘과 합칠 수밖에 없을 것”",2021-03-29 10:45:00,여울손,2021-03-29 12:35:41,방정떨지 말고 잘 도와 드려라 !!
"유승민 “윤석열, 결국 국민의힘과 합칠 수밖에 없을 것”",2021-03-29 10:45:00,donkin7,2021-03-29 12:21:56,"탄핵의 개시끼
넌 끝났어
그래도 주구언론 아직도 돈으로로 매수해
끌고 다니는 놈
벼락이나 맞아 골통 부서질 놈
죽어도 부관 참시할 놈
라도로 주소인전해
썩은 동태알 같은 놈아
아직도 너를 팔데가 있냐
대구향반들이 취면 걸려 아직도
깨어 나지안네
하와이로 명판 바꿀래"
"유승민 “윤석열, 결국 국민의힘과 합칠 수밖에 없을 것”",2021-03-29 10:45:00,소팽약선,2021-03-29 12:17:42,"안철수를 생각해 본다. 안철수의 지지층은 진보보다는 보수층쪽으로 조금 더 기울어있었는데, 민주당보다는 한나라당쪽으로 더 가까웠는데 그는 진보쪽에가서 기웃거렸다, 그것이 안철수 몰락의 이유이다."
"유승민 “윤석열, 결국 국민의힘과 합칠 수밖에 없을 것”",2021-03-29 10:45:00,sunoiu,2021-03-29 12:09:03,"유승민은 박그네 배신하고,,윤석열은 문대통령 배신,,
배은망덕끼리 잘 해봐라,,"
"유승민 “윤석열, 결국 국민의힘과 합칠 수밖에 없을 것”",2021-03-29 10:45:00,twojy,2021-03-29 12:02:47,이젠 윤총장이 화답할 때.
"유승민 “윤석열, 결국 국민의힘과 합칠 수밖에 없을 것”",2021-03-29 10:45:00,Peter Lee,2021-03-29 11:47:02,유승민 당신의 말이 맞습니다. 과연 국민의힘이 그런민심을 얼마나 흡수하느냐에 따라 윤전총장이 입당하느냐 마느냐 일것이라고 보여집니다. 국민의힘 중에 아직도 박근혜에 목매는 분이 있기 때문입니다.그런분들이 윤전총장을 받아들일수 있을까요?또한 윤석렬또한 그런정당에 할할까?
"유승민 “윤석열, 결국 국민의힘과 합칠 수밖에 없을 것”",2021-03-29 10:45:00,묵시적뇌물유네스코등록,2021-03-29 11:05:33,"유승민이 너는 대역죄인이야.
누가 너더러 촉새역할 하라든.
넌 사라져야 국민이 편안해."
"윤석열 51.1%·이재명 32.3%…尹, 양자대결서 50%대 기록",2021-04-19 10:47:00,황정승,2021-05-07 11:07:00,윤석열이 이기회에 역사에 길이 남을 민족의 지도자가 100%되는 길은 지난날 걸어온 잘못된 좌파노선을 과감히 청산하고 그동안 좌파의 선동으로 좌경화된 국민을 계도하여 정의와 자유민주주의 시장경제 한미동맹의 대한민국으로 되돌리겠다고 국민앞에 선서하는 일이라고 생각합니다
"윤석열 51.1%·이재명 32.3%…尹, 양자대결서 50%대 기록",2021-04-19 10:47:00,닉네임 입력,2021-04-20 17:44:37,"윤석열 후보가 승리 한다는 것은 진리요 대세다
단지 문빠들의 교묘하고 격렬한 공격과 음해를
국민들과 함께 막아야 한다 뒤에서 남당,남말 씹어대는 김종인은 배제해야 ㅡ걸림돌이다"
"윤석열 51.1%·이재명 32.3%…尹, 양자대결서 50%대 기록",2021-04-19 10:47:00,하늘의뜻,2021-04-20 03:53:48,"외구가 51퍼나 되냐?
기사하고는..."
"윤석열 51.1%·이재명 32.3%…尹, 양자대결서 50%대 기록",2021-04-19 10:47:00,Kyusic Lee,2021-04-20 02:42:09,왜구리들 얼마 안되는 시간이나마 많이 즐겨라.
"윤석열 51.1%·이재명 32.3%…尹, 양자대결서 50%대 기록",2021-04-19 10:47:00,뚝배기깨기,2021-04-19 15:33:27,윤총장이 5.18때 역겨워도 망월동 한번 찾아가고 6월6일 현충원 박정희대통령 묘소에 참배 한번하면 게임은 끝나는거네
"윤석열 51.1%·이재명 32.3%…尹, 양자대결서 50%대 기록",2021-04-19 10:47:00,장미빛인생,2021-04-19 15:19:05,대선때까지 그대로 변함없이 가고 세를 더 확장합시다 !
"윤석열 51.1%·이재명 32.3%…尹, 양자대결서 50%대 기록",2021-04-19 10:47:00,훈요십조,2021-04-19 15:02:18,"대한민국 국민여러분!
누가 대통령이 되어야 국법을 준수하고 국가의 안정을 유지할 수 있겠습니까?
개만도 못한 공산주의자와 세금으로 표만사서 일신의 영화를 누리려고 하는
종자들이 감히 깜이나 됩니까?"
"윤석열 51.1%·이재명 32.3%…尹, 양자대결서 50%대 기록",2021-04-19 10:47:00,sih1453,2021-04-19 14:18:22,"여론조사마다 차이가 있는데 그나마 리얼미터가 현실을 제대로 적용하는것 같다.
특히 갤럽은 왜곡이 너무 심하다.
정권에 어부하는 갤럽 이름이 아깝다.
문닫아라 어용 여론조사기관 갤럽은."
"윤석열 51.1%·이재명 32.3%…尹, 양자대결서 50%대 기록",2021-04-19 10:47:00,뚝배기깨기,2021-04-19 15:34:58,조작미터를 믿는다구?
"윤석열 51.1%·이재명 32.3%…尹, 양자대결서 50%대 기록",2021-04-19 10:47:00,bt,2021-04-19 13:50:14,자유우파가 승리하여 정권교체하고 문재인놈과 민주당놈들이 자유민주주의를 파괴하기 위하여 저질러놓은 악행을 모두 처벌하고 아름다운 자유대한민국을 만들어 후손에 물려줍시다!
"윤석열 51.1%·이재명 32.3%…尹, 양자대결서 50%대 기록",2021-04-19 10:47:00,권일상,2021-04-19 13:10:51,"2=불과 몇 十年前 극빈(極貧)國, 거지나라에서 世界 10大 부국(富國)을 이루어낸
自由民主主義 저력(底力)있는-, 우수(優秀)한 우리 민족(民族)입니다.
후손(後孫)을 위한 재도약(再跳躍)의 政治-, 全國民 경성(警醒) 기원(祈願)합니다♥"
"윤석열 51.1%·이재명 32.3%…尹, 양자대결서 50%대 기록",2021-04-19 10:47:00,권일상,2021-04-19 13:10:07,"1=♥군계일학(群鷄一鶴)의 정치인(政治人) 안철수(安哲秀)-,
정상배(政商輩)들이 국고(國庫)를 도적(盜賊)질해 양성(養成)한
대깨 족(族)들로 지탱(支撑)하는 못된 大韓民國에-,
품격(品格)과 자질(資質)을 겸비(兼備)한 과분(過分)한 내나라 지도자(指導者)입니"
"윤석열 51.1%·이재명 32.3%…尹, 양자대결서 50%대 기록",2021-04-19 10:47:00,해발 700,2021-04-19 13:03:55,윤석열은 우리의 희망. 아끼고 보호하고 끊임없이 응원하여 대통령으로 만듭시다.
"윤석열 51.1%·이재명 32.3%…尹, 양자대결서 50%대 기록",2021-04-19 10:47:00,하늘의뜻,2021-04-20 03:56:58,ㅋ
"윤석열 51.1%·이재명 32.3%…尹, 양자대결서 50%대 기록",2021-04-19 10:47:00,김삿갓,2021-04-19 12:31:44,"내년 대선 결과 발표될 때까지 쭈우우우욱 유지하자.
아마 미국 갤럽에서 조사했으면 재명이와 낙연이가 이기는 것으로 나왔을 것이다.
어용 여론 조사 기관이 아닌지 의심이 간다."
"윤석열 51.1%·이재명 32.3%…尹, 양자대결서 50%대 기록",2021-04-19 10:47:00,포청천,2021-04-19 12:23:41,윤석열 대통령 가자!!!
"윤석열 51.1%·이재명 32.3%…尹, 양자대결서 50%대 기록",2021-04-19 10:47:00,소사벌친구,2021-04-19 12:07:39,좌파정부 끝내고 민생을 살려보자. 윤석열대통령
"윤석열 51.1%·이재명 32.3%…尹, 양자대결서 50%대 기록",2021-04-19 10:47:00,친절봉사,2021-04-19 12:04:50,그래도 윤총장이 아직 대선에 나오겠다고 의사 표시는 한적이 없다..만약에 대선에 나오겠다면 지지율은 급상승 50%대가 넘을 것이다. 이재명이나 이낙연이는 쨈도 안되지 .이제 일년만 참읍시다. 문죄인이 감방에 갈날이 얼마 남지 않았다. 그때까지 기다 립시다.
"윤석열 51.1%·이재명 32.3%…尹, 양자대결서 50%대 기록",2021-04-19 10:47:00,sunoiu,2021-04-19 11:37:08,"대선까지는 변수가 수없이 많다,,하루아침에 뒤집어질수도 있는게 대선지지율,,
윤석열은 아직 검증도 안됐고,,깜빵갈 수도 있다,,
그리고 제3자 다크호스가 나올수도 있다,,여기서 다크호스는,,추미애,,
차기는 여성대통령이 된다는 예언이 오래전부터 있었다,,"
"윤석열 51.1%·이재명 32.3%…尹, 양자대결서 50%대 기록",2021-04-19 10:47:00,뚝배기깨기,2021-04-19 15:38:03,병숸 치료는 빼먹지 말고 꾸준히 받아라.약 빠뜨리지 ㅇ살고 잘챙겨 먹고 알았냐? 글구 여기서 이러지 말고 이불 덮어 쓰고 자빠져 잠을 자.
"윤석열 51.1%·이재명 32.3%…尹, 양자대결서 50%대 기록",2021-04-19 10:47:00,Hae Jung,2021-04-19 12:21:37,ㅋㅋㅋ 농담하는거지?
"바빠진 野주자들… 윤석열 이달말 등판설, 안철수 “야권통합” 목청",2021-04-09 03:00:00,청명1,2021-04-09 12:22:34,유시민 김무성 홍준표 원희룡 이들은 배척하라 그래야 승산 있다.
"바빠진 野주자들… 윤석열 이달말 등판설, 안철수 “야권통합” 목청",2021-04-09 03:00:00,닉네임 입력,2021-04-09 10:16:10,안철수 대표님 화이팅 앞으로도 야권통합에 많은 역할을 해주시고 내로남불당 정권을 내년 대선에서도 박살내도록 해 주시기 바랍니다 윤총장도 포함해서 야권이 잘 되도록 부탁 드립니다
"바빠진 野주자들… 윤석열 이달말 등판설, 안철수 “야권통합” 목청",2021-04-09 03:00:00,은나이,2021-04-09 08:39:24,"윤석열, 안철수, 자유 민주주의 사상을 명확히 가진 후보라면 누가 되어도 좋다. 대선 후보들은 처음부터 경선후 단일화를 서로 인정하고 룰을 잘지켜 대선에 임해야 한다. 이번 서울 시장에서 처럼만 하면 국민들은 우파를 지지 한다. 뭉치면 살고 흩어지면 죽는다."
"바빠진 野주자들… 윤석열 이달말 등판설, 안철수 “야권통합” 목청",2021-04-09 03:00:00,137억년전,2021-04-09 08:13:32,이번엔 홍준표 윤석열 유승민중에. 다음엔 오세훈 안철수 원희룡중에.
"바빠진 野주자들… 윤석열 이달말 등판설, 안철수 “야권통합” 목청",2021-04-09 03:00:00,lavie,2021-04-09 07:51:27,"쇠뿔고 단 김에 뺀다고.
윤석열과 야권잠룡들이
일찍 판을 짜는 게 좋겠다.
단, 첫 모습부터 파인플레이 해야.
서로 물어뜯는 더러운 모습이라면
아예 하지말고."
"바빠진 野주자들… 윤석열 이달말 등판설, 안철수 “야권통합” 목청",2021-04-09 03:00:00,lavie,2021-04-09 10:11:16,"잠룡들 간에
시너지를 극대화 시켜 놓아야
여차할 경우 대타 기용이 용이."
"바빠진 野주자들… 윤석열 이달말 등판설, 안철수 “야권통합” 목청",2021-04-09 03:00:00,ch9988도사,2021-04-09 07:35:39,이번 선거를 온갖똥까는소리하고있는데?국민의짐.김종인.유승민.안철수아니엿다면 오시장은90%이상지지를받았다.진중권말이 맞아요.막대기만꽃아도 당선된다고?국민의짐 한일 뭐있는가?문정권분노가 하늘을찌르고있다.박형준같은사람공천은 부산시민을 우롱하는공천이다.
"바빠진 野주자들… 윤석열 이달말 등판설, 안철수 “야권통합” 목청",2021-04-09 03:00:00,동사랑,2021-04-09 07:17:48,딴사람 몰라도 유 노
"오세훈, 10년 만에 서울시장 탈환 눈앞",2021-04-07 20:48:00,으뜸이,2021-04-08 01:18:13,후진국 미얀마는 쿠테타와 싸우는데 한국은 쿠테타당을 다시 지지하다니 오호통제라!정치 후진국성 한국
"오세훈, 10년 만에 서울시장 탈환 눈앞",2021-04-07 20:48:00,닉네임 입력,2021-04-08 00:34:26,이젠 청와대로 !
"오세훈, 10년 만에 서울시장 탈환 눈앞",2021-04-07 20:48:00,별바람곶,2021-04-08 00:29:31,"오 시장님,1년뒤 서울시장 한번 더 한다음 대권에 도전하세요."
"오세훈, 10년 만에 서울시장 탈환 눈앞",2021-04-07 20:48:00,금달레,2021-04-07 23:21:41,앞으로 10년만 최소 10년만 겸손하고 겸손하고 또 겸손하면 대통령까지 그동안 억울함을 다 풀고 남로당들의 똥물로 뒤덮힌 대한민국을 다시 살릴 수 있다.
"오세훈, 10년 만에 서울시장 탈환 눈앞",2021-04-07 20:48:00,goth,2021-04-07 23:21:17,부정선거가 없으면 이대로 당선이다
"오세훈, 10년 만에 서울시장 탈환 눈앞",2021-04-07 20:48:00,동사랑,2021-04-07 22:36:53,"단단히 하시요
여자조심,마누라조심
오만과독선금지
교통방송이 교통방송에 충실!
집 팍팍지어서 젊은이에게 보답
대통꿈은 버려라~"
"오세훈, 10년 만에 서울시장 탈환 눈앞",2021-04-07 20:48:00,Henryhs,2021-04-07 22:32:52,"축하합니다.
다시 돌아 오셨군요!!!!!
남은 기간 더 열심히 문제없이 일을 하시어 다음 대선에도 좋은 결과를 만들어 주시기를 바랍니다."
"오세훈, 10년 만에 서울시장 탈환 눈앞",2021-04-07 20:48:00,김삿갓선배,2021-04-07 22:19:40,일단 김어준이부터 퇴출시켜라!
"오세훈, 10년 만에 서울시장 탈환 눈앞",2021-04-07 20:48:00,해발 700,2021-04-07 22:19:34,역시 대한민국 국민은 지혜롭고 용기있는 국민이다. 스마트한 사람들이다. 절대 바보가 아니다.
"오세훈, 10년 만에 서울시장 탈환 눈앞",2021-04-07 20:48:00,bt,2021-04-07 22:03:22,"자유주의 시장경제체제를 지지하는 자유대한 국민들이 성추행으로 뒈ㅌ진 박원순을 오늘 선거로 심판한 것이다!
박원순의 서울시 파ㅌ괴는 여기서 중단되어야 한다!
문재인이 아직도 우리의 소중한 자유대한민국을 파ㅌ괴하고 있다!
내년 대선에서 문재인의 공산 독재정치를 심판하자"
"오세훈, 10년 만에 서울시장 탈환 눈앞",2021-04-07 20:48:00,해발 700,2021-04-07 22:02:23,"지금 A채널 보다 기절할뻔 하고 얼른 돌렸네. 아니 김남국 여우같은 농이 나오네요. 어허,미쳤나봐요."
"오세훈, 10년 만에 서울시장 탈환 눈앞",2021-04-07 20:48:00,pingsan,2021-04-07 21:55:52,"‘오세훈’은 안철수와 서울시 공동정부 운영에
차질 없도록 하고
신촌 유세장에서 문제를 일으킨 캠프 관계자를 엄중 문책하라"
"오세훈, 10년 만에 서울시장 탈환 눈앞",2021-04-07 20:48:00,koreanmrjo,2021-04-07 21:50:39,"공신은 조국,추미애,윤미향,정청래,김남국... 쓰레기 어준이도 중도 몰아 내는데 힘 많이 섰고... 무엇보다도 재인이 부자가 욕 봤다..."
"오세훈, 10년 만에 서울시장 탈환 눈앞",2021-04-07 20:48:00,koreanmrjo,2021-04-07 21:51:50,진서임을 빼고서는 말이 안되지... 민주당 다음 공천 때 머리 터지겠네....
"오세훈, 10년 만에 서울시장 탈환 눈앞",2021-04-07 20:48:00,sorg,2021-04-07 21:48:24,"'오세훈, 서울시장 10년만에???' 거튼소리 하고 자X졌네!!! 작년 4.15선거서 밤새도록 야당이 다 이겼다가 새벽녘에 조작사전투표함 까는 통에 묵사발 개박살 난 참패를 당해놓고 치매걸렸냐?? 탈환은 뭔놈 탈환?? 조작사전투표함 까봐야 끝나는 거지!!! 치매환자냐?"
"오세훈, 10년 만에 서울시장 탈환 눈앞",2021-04-07 20:48:00,youjun,2021-04-07 21:42:44,내곡동 땅 존재와 위치도 몰랐다고 발뺌하다가 복수의 목격자들이 나서서 오세훈을 봤다고 증언하자 목격자 협박에 나선게 국힘당 놈들이지.철저히 사실관계를 밝혀서 허위사실유포로 처벌해야 한다. 박형준이는 여러 의혹에 전부 오리발이니 훨씬 정도가 심하고.
"오세훈, 10년 만에 서울시장 탈환 눈앞",2021-04-07 20:48:00,netin,2021-04-07 21:40:42,"깐죽대던 고민정이
뒷통수를 후려갈긴 기분이다.
서울시민 혈세로
불법 선거방송을 태연하게 진행한
김어주니
뒤룩뒤룩,,
볼때기를 쥐어뜯어준 기분이다.
잘했다!
보수의 품격을 지키자.
쓰레기들과는 분명한 차이를
보여주자!!"
"오세훈, 10년 만에 서울시장 탈환 눈앞",2021-04-07 20:48:00,bt,2021-04-07 21:40:02,"독재와 불의에 분노하지 않는 국민은 자유를 누릴 권리가 없다!
자유대한의 국민들이 문재인 공산 독재정권에 분노한 결과이다!
자유대한민국만세!!"
"오세훈, 10년 만에 서울시장 탈환 눈앞",2021-04-07 20:48:00,bsdg1,2021-04-07 21:37:09,"좌파들의 몰락이 시작되었다.....
이 기세를 몰아서 나라를 말아먹은 문재인이를 끌어 내립시다^^"
"오세훈, 10년 만에 서울시장 탈환 눈앞",2021-04-07 20:48:00,열정,2021-04-07 21:28:09,대한민국 살았다. 내년은 정권교체. 까지 가자
"오세훈, 10년 만에 서울시장 탈환 눈앞",2021-04-07 20:48:00,풀잎101,2021-04-07 21:27:50,"인사를 해야겟다. 1년동안 고생한 추미애야, 조국아. 너희 둘의 망나니짓과 위선적 행동에 힘입어, 이런 출구조사 결과가 나와네, 참말로 고맙다, 그라고 현직대통령에게도 한 번 더 부탁한다. 총리는 추미애 시키고, 검찰총장은 이성윤이가 적임자임을 명심하시길~~"
"오세훈, 10년 만에 서울시장 탈환 눈앞",2021-04-07 20:48:00,포청천,2021-04-07 21:10:53,"끝까지 지켜 봐야 한다
따블로사기당이 어떻게 치고 나올지 눈을 부릅뜨고 감시해야 한다!"
"오세훈, 10년 만에 서울시장 탈환 눈앞",2021-04-07 20:48:00,sunoiu,2021-04-07 21:08:34,"1년짜리 시장선거 이겨봐야 별,,의미도 없다,,
대통령 선거에서 이겨야,,승리하는 거,,
연전연승을 했던 민주당이 이번에 한번쯤 패하는게,,전화위복이 되고 대선에 승리할 수 있는 약이다,,
국민의짐에겐 대선에서 폭망할 수 있는 악재,,"
"오세훈, 10년 만에 서울시장 탈환 눈앞",2021-04-07 20:48:00,열정,2021-04-07 21:28:54,니미 뽕
"오세훈, 10년 만에 서울시장 탈환 눈앞",2021-04-07 20:48:00,junbug,2021-04-07 21:04:29,"땡큐~ 완전 김어준덕이야
오시장 어준이 방송 계속하게하면 대선에서도 압승~~"
"대선주자 지지율 5% 벽 넘지 못하는 제1야당, 가장 큰 고민은…",2021-03-08 17:46:00,문재앙척살,2021-03-09 00:22:17,유승민 원희룡~! ㅋㅋㅋ 써글! 니놈들이 출마하면 또 정권 못찾아온다 꿈깨거라~! 모지리들아!
"대선주자 지지율 5% 벽 넘지 못하는 제1야당, 가장 큰 고민은…",2021-03-08 17:46:00,김가이버2,2021-03-08 23:27:26,허접한 유승민이나 원희룡은 깜도 안되는 것들인데..차라리 홍준표를 복당시키는게 낫긴한데 무조건 싫다는 멍청이들이 많은게 문제지..
"대선주자 지지율 5% 벽 넘지 못하는 제1야당, 가장 큰 고민은…",2021-03-08 17:46:00,우파가치,2021-03-09 02:49:06,"홍의원 당장 국민힘 복당 않는게 그양반 개인플레이 하기 훨씬 좋을거 같음
대권도 범야후보 경잼승자가 범야후보가 되면 승리 따논 당상인데.. 대선 선거비용지원 때문에 그게 걸림돌이긴하네"
"대선주자 지지율 5% 벽 넘지 못하는 제1야당, 가장 큰 고민은…",2021-03-08 17:46:00,긴도깡,2021-03-08 23:22:09,필리핀의두테르테는 대통령나오면서 마약사범 부패공무원척결을 공약햇다 기래 윤통장은 지리산빨치산벌갱이 거제도포로수용소잔당소탕 공직곰팽이박멸을 대권구호외치면서 나와라 무조건당선된다 윤통장이 벌갱이코로나방역의 백신이다
"대선주자 지지율 5% 벽 넘지 못하는 제1야당, 가장 큰 고민은…",2021-03-08 17:46:00,gobawo,2021-03-08 22:05:48,"김종인이 물러났으면 윤석열이 제 일 야당에 문을 열었을 것이다
야권 인사들이 윤석열에 집중하고 있다
권력 남용을 지켜보던 중도성 국민들도 죽기로 윤석열에 열광한다
친박 세력 태극기 부대도 윤석열쪽으로 돌아섰다
그동안 숫한 탄압을 받던 종교계도 윤석열로 결집이 되고 있다"
"대선주자 지지율 5% 벽 넘지 못하는 제1야당, 가장 큰 고민은…",2021-03-08 17:46:00,한크라테스,2021-03-08 20:33:03,"예네들은 철학이 없어, 야당인데도 국민들이 싫어해,왜냐고? 해야될것을 안하니까. 그럼 어떻게 해야되냐고? 당을 들어서 윤한테 받쳐야지 승산이 있음.반대로, 윤이 들어오게 하면 되것어 안되것어? ㅋㅋㅋ"
"대선주자 지지율 5% 벽 넘지 못하는 제1야당, 가장 큰 고민은…",2021-03-08 17:46:00,선달파파,2021-03-08 20:28:49,지금으로선 최상의 선택은 선두권의 야권주자를 적극적으로 방어하고 돕는게게 최선이다..
"대선주자 지지율 5% 벽 넘지 못하는 제1야당, 가장 큰 고민은…",2021-03-08 17:46:00,네버,2021-03-08 20:03:33,윤석열 조윤선33회 사시동기고 이름을 밝히진 않지만 변호사야 집안에 의사있고 세무사 결혼 아들 로스쿨 의사결혼해 치과의사 있고 대기업직원있고 교사4명에ㅜ공무원3명이야 다 로스쿨가 임마 대기업이나 우리집보다 떨어진 검사한명 윤석열 지지하라고 기가차서
"대선주자 지지율 5% 벽 넘지 못하는 제1야당, 가장 큰 고민은…",2021-03-08 17:46:00,부산사람,2021-03-09 03:28:14,뭔 말이야?
"대선주자 지지율 5% 벽 넘지 못하는 제1야당, 가장 큰 고민은…",2021-03-08 17:46:00,문재앙척살,2021-03-09 00:24:38,그래서?
"대선주자 지지율 5% 벽 넘지 못하는 제1야당, 가장 큰 고민은…",2021-03-08 17:46:00,네버,2021-03-08 19:46:53,"참 윤석열에ㅜ열광하는 검사 하나로 집안이 다 노가다 공장인데
4지선다형 검사로 로스쿨5지선다형 가수도 따는데 잘못서있다 집안에.의사 변호사 교사4명 대기업직원 세무사 치과의사 알바없는 우리집에ㅜ비하면 이건 뭐 허접인데 이혼남 윤석열 우리집보다 떨어진 너희집을 지지해"
"대선주자 지지율 5% 벽 넘지 못하는 제1야당, 가장 큰 고민은…",2021-03-08 17:46:00,네버,2021-03-08 19:40:16,윤석열 문재인이 써서 민주당으로 갈지 모르지 윤석열 김한길만나고 주진우 만나고 다닌다고 하는데 충청도 출신도 아니고 전라도 출신인데ㅡ고향속인 윤석열 윤석열 어디로 갈지모르니 홍준표도 지지해야
"대선주자 지지율 5% 벽 넘지 못하는 제1야당, 가장 큰 고민은…",2021-03-08 17:46:00,chenggong,2021-03-09 01:24:01,이인간 온천지 돌아다니며 이짓거리 하고 있네.
"대선주자 지지율 5% 벽 넘지 못하는 제1야당, 가장 큰 고민은…",2021-03-08 17:46:00,요래요래꿍,2021-03-08 19:37:59,"답답해 대져버리겐네

홍준표가 대권이 말이되냐?

또 나라 갖다 바치게?

답답해 대져버리겐네"
"대선주자 지지율 5% 벽 넘지 못하는 제1야당, 가장 큰 고민은…",2021-03-08 17:46:00,너도바람꽃,2021-03-08 19:32:30,"좌파 정권 견재력 레벨0.1 밖에 안되는 야당 누가 지지하겠어, 다 늙은 김종인부터 집으로 보내고
파당 시키고 재 창당을 해라 차라리."
"대선주자 지지율 5% 벽 넘지 못하는 제1야당, 가장 큰 고민은…",2021-03-08 17:46:00,gobawo,2021-03-08 22:21:56,"할 말도 제대로 못하고 여당에 질질 끌려다니는 김종인으로는 무조건 게임 끝났다.
청와대 아바타 김종인을 축출하고 과거처럼 굽혀서라도 민주투사 윤석열을 모셔와라
정치 경험 없는 초선들아 김종인에 충성함은 자멸이다."
"대선주자 지지율 5% 벽 넘지 못하는 제1야당, 가장 큰 고민은…",2021-03-08 17:46:00,whyi,2021-03-08 19:21:03,제발 이번에는 준포와 승미니는 껍죽되지말고 치어리더로서의 역할만 잘해라.칭찬받을거다!
"대선주자 지지율 5% 벽 넘지 못하는 제1야당, 가장 큰 고민은…",2021-03-08 17:46:00,네버,2021-03-08 19:12:46,조중동 기자는 알텐데 윤석열이 민주당으로ㅜ갈지 안철수로ㅜ갈지 국민의힘으로 갈지 독자세력으로 갈지 조중동은 알텐데ㅜ설마ㅜ나중에ㅜ홍준표ㅜ낙동강 오리알 만두는건 아니지 홍준표는 조중동 속내 터트리고 윤석열 진로 터트러야 시간이ㅜ없다
"대선주자 지지율 5% 벽 넘지 못하는 제1야당, 가장 큰 고민은…",2021-03-08 17:46:00,chenggong,2021-03-09 01:25:41,속이 많이 타나 보네. 그래서 홍준표 부추겨 윤석열 공격하게 하려고? 니뜻대로 안될거다!
"대선주자 지지율 5% 벽 넘지 못하는 제1야당, 가장 큰 고민은…",2021-03-08 17:46:00,너도바람꽃,2021-03-08 21:18:08,네버&quot; 너님은 대깨문 개돼지 인듯요?
"대선주자 지지율 5% 벽 넘지 못하는 제1야당, 가장 큰 고민은…",2021-03-08 17:46:00,네버,2021-03-08 19:36:19,조중동 전라도 기자의ㅜ잔대가리 정신사납다
"대선주자 지지율 5% 벽 넘지 못하는 제1야당, 가장 큰 고민은…",2021-03-08 17:46:00,네버,2021-03-08 19:06:40,그거야 조중동 언론이 윤석열 띄우니 홍준표는 네티즌 유트브 오프라인정도지 홍준표를 조중동이 윤석열만큼 띄운다면 달러지겠지
"대선주자 지지율 5% 벽 넘지 못하는 제1야당, 가장 큰 고민은…",2021-03-08 17:46:00,137억년전,2021-03-08 19:04:45,무엇보다 김종인이 키울 생각이 없다.
"대선주자 지지율 5% 벽 넘지 못하는 제1야당, 가장 큰 고민은…",2021-03-08 17:46:00,shp****,2021-03-08 18:41:49,홍준표는 몰라도 유승민 이는 절대 아니다!
"대선주자 지지율 5% 벽 넘지 못하는 제1야당, 가장 큰 고민은…",2021-03-08 17:46:00,chenggong,2021-03-09 01:27:26,맞습니다. 유승민은 대구에서도 인정을 못받는 것 같습니다. 박통 포용력도 문제가 있긴 했지만 유승민처럼 행동하는 것도 안되지요.
윤석열 31.2%-이재명 25.7%… 차기 대통령 적합도 오차범위 접전,2021-04-01 03:00:00,벽오동,2021-04-01 22:40:32,"지발 그만빨고 고마해라
쟈는 나오면죽는다"
윤석열 31.2%-이재명 25.7%… 차기 대통령 적합도 오차범위 접전,2021-04-01 03:00:00,jbk1,2021-04-01 22:13:04,호남이 부산 인물을 내세웠듯이 보수도 중도성 인물을 내세워 힘을 합쳐라.
윤석열 31.2%-이재명 25.7%… 차기 대통령 적합도 오차범위 접전,2021-04-01 03:00:00,훈요십조,2021-04-01 18:03:00,"북한 김여정이
자칭 남조선대통령이라고 하는 문재인한테,
삶은소대가리,특등머저리,미국앵무새 등의 모욕적인 말을 해대도
끽소리도 못하고,
정상적이라면 입에 개거품을 물어야 되는 좌파종자들까지도 끽소리도 못한다.
국격을 위해서 국민의 자존심을 위해서 공산당을 박살 내야된다"
윤석열 31.2%-이재명 25.7%… 차기 대통령 적합도 오차범위 접전,2021-04-01 03:00:00,suy****,2021-04-01 16:51:14,이재명은 딱 여기까지네요 25-27%
윤석열 31.2%-이재명 25.7%… 차기 대통령 적합도 오차범위 접전,2021-04-01 03:00:00,내생각은..,2021-04-01 15:45:48,현대의 聖君 朴正熙大王같은 분이 있다면 얼마나 좋을까! 주위에는 박정희대왕의 모습을 1/10이라도 닮은 사람도 눈에 띄지 않는다. 그런사람은 없지만 그래도 시궁창같은 정치에 물들지 않고 소신이 뚜렸하며 카리스마도 어정도 갖춘 사람이 있어(여러분상상에 마낌)다행이다
윤석열 31.2%-이재명 25.7%… 차기 대통령 적합도 오차범위 접전,2021-04-01 03:00:00,우파가치,2021-04-02 08:22:23,"근데 그사람 누굴까 그런조건 깆춘검증된 정치인은 딱한사람 생각나네 이심전심 으로 대권후보가 되고 차기
국가리더가 될수있다면 이나라 이국민들 복받은건데.. 젊은세대들 문통정권살면서 반면교사 삼았으면"
윤석열 31.2%-이재명 25.7%… 차기 대통령 적합도 오차범위 접전,2021-04-01 03:00:00,사과사,2021-04-01 14:53:25,"윤석열, 형사 입건됐다 (최하 집유2년 대선 출마 불가)

공론화되면 판검사가 조작•은폐 못 한다
그때는 유죄 나오고 최하 집행유예 2년이다
공직선거법 19조 &quot;금고 이상의 형을 선고받은자는 피선거권이 없다&quot;"
윤석열 31.2%-이재명 25.7%… 차기 대통령 적합도 오차범위 접전,2021-04-01 03:00:00,내생각은..,2021-04-01 15:48:11,너! 더뿔어 더듬이당원의 가족이지??!
윤석열 31.2%-이재명 25.7%… 차기 대통령 적합도 오차범위 접전,2021-04-01 03:00:00,김찬중2,2021-04-01 13:56:54,"저쯤~ 되면 능구렁이 나겨니 이름과 지지율은 빼라(조사할 필요가 없다는겨),딱 윤석열 차기 대통령 지지율과 공짜 연애 달인및형수한테 거시기 말한 호로 재명이 지지율만 발표하라,"
윤석열 31.2%-이재명 25.7%… 차기 대통령 적합도 오차범위 접전,2021-04-01 03:00:00,cjhdk1,2021-04-01 13:15:52,연애도 무상으로 하는 자가 선전한다고 계속 하다가...연극도 이제 끝나가니 코메디 여론조사도 잠시 진실을 말하는 듯하다. 공정한 여론조사만 가능하도록 해서 악용을 막아야 남쪽나라가 산다.
윤석열 31.2%-이재명 25.7%… 차기 대통령 적합도 오차범위 접전,2021-04-01 03:00:00,bt,2021-04-01 13:09:54,문재인놈의 지지율은 원래부터 땅바닥을 기다시피 했는데 리얼미터와 한국갤럽이라는 빨갱이 여론조사업체가 그나마 문재인놈의 지지울을 조작해서 가짜로 지지율 30%니 40%니 하는 발표를 이어왔는데 이번에 LH사태로 문재인놈이 결정타를 두들겨 맞아서 이제는 회복할 수가 없다!
윤석열 31.2%-이재명 25.7%… 차기 대통령 적합도 오차범위 접전,2021-04-01 03:00:00,테세우스,2021-04-01 11:44:32,"대권은 그떄 가서 전례없는 검증을 통해 투표하면 된다. 다만, 많은 사람이 나오길 바란다.
비호감인물, 불균형적 사고를 갖은 인물이 후보로 선적되어 국민의 선택권을 제한하는 현 정치권들의 수작에 저항하는 것이 국민이 할 일이다."
윤석열 31.2%-이재명 25.7%… 차기 대통령 적합도 오차범위 접전,2021-04-01 03:00:00,희동이,2021-04-01 11:31:45,"자기에 패륜을 퍼주기로,덮으려는작자,나라곳간거덜내고, 고려장이부활하는세상이오겠구만,, 경기도에는저런 패륜에,주사파갇은 인간이퍼주는거에 혹해서,장님제닭잡아먹는줄도모르는람들?.어리버리한게, 한번도경험하지않은 나라많든다고, 나라망가트려놓은걸,이제는패륜에 선동꾼이 이어받겠다고"
윤석열 31.2%-이재명 25.7%… 차기 대통령 적합도 오차범위 접전,2021-04-01 03:00:00,뜨레스,2021-04-01 11:29:25,"차기 대권 후보 윤석렬의 지지도는 4. 7. 시장 선거가 마무리 되면 급속히 떨어질 것으로
보인다. 윤의 지지도가 높은 것은 문 정부에 대한 심판을 기대해서인데 정작 윤은 문재인에게 복수할 생각이 없다고 노골적으로 말하고 노영민도 윤의 대권출마 불가를 말하고 있다."
윤석열 31.2%-이재명 25.7%… 차기 대통령 적합도 오차범위 접전,2021-04-01 03:00:00,yuhan,2021-04-01 11:26:14,"1당독재
선거관리위원회
서울시장 대리 박원순 꼬붕
1명 빼고 모두 전라도 구청장에다
시 구 의원들 95%이상 더불어민주당
공무원들 전공노 소속이고
서울시 선관위 공무원도 전공노인데
4.7선거 공평하게 관리할 수 있겠는가?
중앙선거관리위원장 문재인의 대법관 노정희"
윤석열 31.2%-이재명 25.7%… 차기 대통령 적합도 오차범위 접전,2021-04-01 03:00:00,내생각은..,2021-04-01 11:03:37,심각한 것은 아직도 차기에 현정권이 유지되어야 한다는 정신병자들이 29.8%나 살고 있다는 사실!
윤석열 31.2%-이재명 25.7%… 차기 대통령 적합도 오차범위 접전,2021-04-01 03:00:00,나다,2021-04-01 10:35:15,이재명아 탈당하고 범죄 사실이 있으면 문씨 산채로 북송을 선언해라 대선의 별이 보인다...
윤석열 31.2%-이재명 25.7%… 차기 대통령 적합도 오차범위 접전,2021-04-01 03:00:00,동해와백두,2021-04-01 10:12:27,"윤전총장님 대통령 되시면 무너진 자유민주주의를 다시 세우시고 진보보수좌우 모두 자유민주주의에 반하거나 부패한 것들을 청산하여 주시고 향후 대한민국이 세계의 중심이 될 수있게 경제력,군사력,국격을 높여 주세요."
윤석열 31.2%-이재명 25.7%… 차기 대통령 적합도 오차범위 접전,2021-04-01 03:00:00,보리문디,2021-04-01 10:00:25,"동아일보 여론조사 참 웃긴다.
당신네들이 언론기관 맞나? 옛날 군화발정권에서 마이 해묵었시모
인자 정신차리고 중립언론으로 돌아가야하는거 아이가?
대한민국 민주화가 늦어진거는 너들 소위 조중동 때문이란거 우리
후세들이 평가해 줄끼다."
윤석열 31.2%-이재명 25.7%… 차기 대통령 적합도 오차범위 접전,2021-04-01 03:00:00,동해와백두,2021-04-01 10:14:03,민주국가는 이미 이루어졌는데 뭔 귀신씨나락 까먹는소리.그리고 민주주의가 한두명 운동권애들이 만든 것으로 보이냐.전국민들이 만들어 낸 것이다.
윤석열 31.2%-이재명 25.7%… 차기 대통령 적합도 오차범위 접전,2021-04-01 03:00:00,lnigl****,2021-04-01 10:05:34,대한민국 민주화는 모든 국민이 한표 한표 행사하면서 민주주의 국가가 된거야. 헛튼소리 작작해라. 왜 민주화를 이루었던 세대에서 현재 오세훈 지지율이 높은지 곰곰이 똥누면서 생각해봐라.
윤석열 31.2%-이재명 25.7%… 차기 대통령 적합도 오차범위 접전,2021-04-01 03:00:00,lnigl****,2021-04-01 10:04:34,대한민국 민주화는 누가했는데? 자주민주통일 외치는 세력이 민주화라고 우기는 거냐?
윤석열 31.2%-이재명 25.7%… 차기 대통령 적합도 오차범위 접전,2021-04-01 03:00:00,진카자마,2021-04-01 09:53:05,접전같은 소리하고 있네. 윤석열 대통령님이 독보적인 1등이구만... 이재명은 차베스+두테르테 그 이상도 그 이하도 아니다. 절대로 대통령이 되서는 안될 인물이다. 좌충우돌만 하다가 볼장 다 볼거다!!!!!
윤석열 31.2%-이재명 25.7%… 차기 대통령 적합도 오차범위 접전,2021-04-01 03:00:00,보리문디,2021-04-01 10:02:11,"올래 후반기 되믄 윤석열=반기문 된다는거 삼척동자도 다 알수 있는거다.
멍청한 넘. 니가 정치를 알고 시부래쌋나?"
윤석열 31.2%-이재명 25.7%… 차기 대통령 적합도 오차범위 접전,2021-04-01 03:00:00,bm21c****,2021-04-01 09:31:42,윤석열이 쓰래기 폐기물 치우려면 눈코뜰새 없을 것이다. 좌파 운동권 신적폐청산하면 사기꾼 도둑놈 거짓말쟁이 확 줄어들어야 한다. 쓰래기 폐기물 청산하라.
윤석열 31.2%-이재명 25.7%… 차기 대통령 적합도 오차범위 접전,2021-04-01 03:00:00,lnigl****,2021-04-01 09:25:18,전라도 이낙연은 죽써서 개주네
윤석열 31.2%-이재명 25.7%… 차기 대통령 적합도 오차범위 접전,2021-04-01 03:00:00,보리문디,2021-04-01 09:56:30,"아직도 전라도 캐쌋는 넘이 있네.
니같은 넘 때문에 경상도가 욕묵고 지난 총선에서 180석이나 퍼준거 아이가?
어휴 이런 ㄸㄹㅇ경상도가 없어져야 정권 찾아오지."
윤석열 31.2%-이재명 25.7%… 차기 대통령 적합도 오차범위 접전,2021-04-01 03:00:00,파워,2021-04-01 09:21:29,현 상태를 인식 못하고 더빌어를 아직도 지지한다면 그야말로 더빌어 먹어야 된다.
윤석열 31.2%-이재명 25.7%… 차기 대통령 적합도 오차범위 접전,2021-04-01 03:00:00,쿠키쿠커,2021-04-01 09:16:35,석열이형되면 한번 푸닥거리 해야지. 왠만한 드라마보다 더 재미있을듯.
윤석열 31.2%-이재명 25.7%… 차기 대통령 적합도 오차범위 접전,2021-04-01 03:00:00,나다,2021-04-01 09:14:17,"일단 모든선거 민주당 빼고 선거 엄마,누나, 여동생을 지키기 위해서..."
윤석열 31.2%-이재명 25.7%… 차기 대통령 적합도 오차범위 접전,2021-04-01 03:00:00,빈체로,2021-04-01 09:10:43,나한테는 여론조사 안왔다. 그래도 무조건 윤석렬이다. 그의 뚝심으로 대한민국을 바로 세울 것을 믿는다. 나같은 사람...수두룩 하다. 부패한 것들 모조리 쓸어버리고..새롭고 정의로운 대한민국을 세울 사람은 윤석렬이라 믿는다.
윤석열 31.2%-이재명 25.7%… 차기 대통령 적합도 오차범위 접전,2021-04-01 03:00:00,yoobye,2021-04-01 08:38:23,여러분은 대통령으로 검사를 택하시겠습니까? 아니면 전과자를 택하시겠습니까?
윤석열 31.2%-이재명 25.7%… 차기 대통령 적합도 오차범위 접전,2021-04-01 03:00:00,kdtejtc,2021-04-01 08:31:48,"패륜아 이재명, 대통령 가자! 패륜국가 대한민국에 어울린다!!!"
윤석열 31.2%-이재명 25.7%… 차기 대통령 적합도 오차범위 접전,2021-04-01 03:00:00,주유양,2021-04-01 07:43:29,"뱀눈 실눈 속에 감추어진 이지사 문을 능가할 베네즈엘라 그리스 꼴을
보면서도 나라곳간 다퍼서 주고 국민이 빈궁해야 존엄을 어버이수령하며
매달릴걸 알아먹은 문통벤치마켓 제1제자 이재명경제는 퍼주기 빼면 시체다
세금폭탄 고물가시대 상상만해도 북한 폭망 경제마인드 끔찍하다"
윤석열 31.2%-이재명 25.7%… 차기 대통령 적합도 오차범위 접전,2021-04-01 03:00:00,cosmos1153,2021-04-01 07:40:56,"전세계에 대한민국과 대한민국 국민, 바로 너와 네 가족들 얼굴과 나와 내 가족들 얼굴에 똥칠하려고 작정했느냐?형수에게 왼갖 패륜악담을 하는 놈을 대통령?그런나라와 국민들이 복받겟느냐? 세계열방으로부터 손가락질 조롱당하고 너와 나 우리 모두는 사람취급 못받음을 깨달아라!"
윤석열 31.2%-이재명 25.7%… 차기 대통령 적합도 오차범위 접전,2021-04-01 03:00:00,cosmos1153,2021-04-01 07:30:47,이건 아니지~~종북주사파 문재인을 추종하며자기 형수에게 이년 저년하면서 씹가랭이를 확찢어 죽인다고 말하는 천하에 호로상놈 빨갱이 패륜아가 대권레이스에 오른다는것 자체가 우리 국민들이 심각히 병들어있다는 증거다~!!! 그만 깨어나라 국민들아~ 이건 분명 아니다~!!!
윤석열 31.2%-이재명 25.7%… 차기 대통령 적합도 오차범위 접전,2021-04-01 03:00:00,으뜸이,2021-04-01 07:29:27,국민의 수준을 알려면 쿠테타당 지지세력을 봐라
윤석열 31.2%-이재명 25.7%… 차기 대통령 적합도 오차범위 접전,2021-04-01 03:00:00,잰어맨,2021-04-01 07:27:16,이재명 무서운 사람..정말 소름끼진다..나라가 어찌 될런지...참 불안하다...
윤석열 31.2%-이재명 25.7%… 차기 대통령 적합도 오차범위 접전,2021-04-01 03:00:00,ksmoon5207,2021-04-01 07:20:44,"27년간 정치검사만 한 정치미숙아 윤석열을
양파 껍질 벗기듯 혹독한 검증과정을 거치면
반기문. 황교안처럼 찻잔 속의 태풍으로 끝나,
쓰다 버린 일회용 마스크 신세로 추락한다.
정치를 하고 싶으면 검찰 선배(先輩) 홍준표. 황교안한테 배워라."
윤석열 31.2%-이재명 25.7%… 차기 대통령 적합도 오차범위 접전,2021-04-01 03:00:00,cosmos1153,2021-04-01 07:42:42,황교안은 빼고~!!!
윤석열 31.2%-이재명 25.7%… 차기 대통령 적합도 오차범위 접전,2021-04-01 03:00:00,lse1,2021-04-01 07:10:08,"이정권 지지자들의 부도덕성을 보는것 같아 씁쓸하다.
수신제가도 못하고 여배우와 염문 육두문자... 그런 양반이 평천하?
도덕적이고 스마트한 전총리는 밑바닥?
에구 지지하면 올라가는게 인기여..."
윤석열 31.2%-이재명 25.7%… 차기 대통령 적합도 오차범위 접전,2021-04-01 03:00:00,여울손,2021-04-01 06:58:06,"성남시장 시절부터 퍼주기를 입에 달더니
더 큰 자리에 가서는 심하기가 도를 넘는다
베네수엘라가 어째서 이 모양이냐
쩝쩝이 하는 짓에 입 닫고 살던 간신
풍신수길, 도요토미히데요시 이상의 간신"
윤석열 31.2%-이재명 25.7%… 차기 대통령 적합도 오차범위 접전,2021-04-01 03:00:00,twojy,2021-04-01 05:11:43,"차기 대통령에 필요한 자질 설문내용에
'대통령의 인재등용 안목'에 대한 항목을
추가하였더라면.
대통령과 그 정권의 성패는 적재적소에
어떤 인재를 등용하느냐에 달렸다는 생각."
윤석열 31.2%-이재명 25.7%… 차기 대통령 적합도 오차범위 접전,2021-04-01 03:00:00,twojy,2021-04-01 06:41:34,인사가 만사.
윤석열 31.2%-이재명 25.7%… 차기 대통령 적합도 오차범위 접전,2021-04-01 03:00:00,twojy,2021-04-01 05:15:03,대통령의 인사권한은 만능. 이 권한을 어떻게 사용하느냐가 국가운명을 좌우.
윤석열 31.2%-이재명 25.7%… 차기 대통령 적합도 오차범위 접전,2021-04-01 03:00:00,sunoiu,2021-04-01 05:08:13,"리서치앤리서치,,조중동이 애용하는,,듣보잡 여론조사기관,,"
"유승민 “돈 쓰는 데는 귀신인 文 정부, 해결책은 경제 성장”",2021-03-02 12:50:00,freezer,2021-03-02 19:56:31,KFX 전투기 개발 예산이 총 8.7조다. 그 것도 돈이 없어서 20프로는 인니에게 기술 팔아먹을 예정이란다. 19조가 얼라 용돈이냐?
"유승민 “돈 쓰는 데는 귀신인 文 정부, 해결책은 경제 성장”",2021-03-02 12:50:00,정원지기,2021-03-02 19:45:35,돈쓰는 귀신이 될 때까지 뭘했나. 중계방송이나 하는 것이 정치인으로서 할 일인가?
"유승민 “돈 쓰는 데는 귀신인 文 정부, 해결책은 경제 성장”",2021-03-02 12:50:00,ch9988도사,2021-03-02 19:08:41,"뻔뻔스럽다.
나라가 누구때문에?
보수개혁.공화제가 이건가?
아차 할때는 늦었다."
"유승민 “돈 쓰는 데는 귀신인 文 정부, 해결책은 경제 성장”",2021-03-02 12:50:00,gobawo,2021-03-02 14:54:14,"경상남도, 전라도 욕심으로 만들어진 문재인 세상이다
전 지역에 퍼진 그들로 인해 온 국민이 빚 갚기 위해 세금폭탄 맞으며 살아가게 될 것이다
세금 도둑질로 후손이 어떻게 살아갈지 모르는 xx들아 제발 내 앞에서 문재인 자랑 마라
자유인은 사회주의 사상에 물들고 싶지.."
"유승민 “돈 쓰는 데는 귀신인 文 정부, 해결책은 경제 성장”",2021-03-02 12:50:00,73514811,2021-03-02 14:43:00,유승민이라는 사람에 대한 호불호와 별개로 지금 저 발언은 구구절절 옳다. 빚을 내서 흥청망청 쓰고 그 짐을 고스란히 후손들에게 덤터기 씌워 등골빠지게 만드는 이런 정책을 내는 정치인들을 국민들이 지지한다면 대한민국이 망하지 않으면 이상한 일일 것이다.
"文당선 길지로, 전통 명당으로… 캠프위치 보니 전략이 보이네",2021-03-13 03:00:00,songgaxi,2021-03-14 10:20:04,"대권, 지방자치권을 얻겠다고하며, 나름 식자라고 하는것들이 길지니, 명당이니 하는 소리들만 하고 있으니 참 국가의 미래가 걱정된다. 나라의 미래에대한 깊고 넓은 지식으로, 진실하고 성실한 자세로 임하는게 아니고길지,명당같은 소리나하고있는 저급한인간군상들 제발지구를떠나라"
"文당선 길지로, 전통 명당으로… 캠프위치 보니 전략이 보이네",2021-03-13 03:00:00,jys070412,2021-03-14 07:50:01,"드루킹 댓글조작으로 또 여론 조작중인가?
이번에는 위선자들 한테 속을일이 없지
성추행당 후보는 미친 🐕 들이나 찍지~~"
"文당선 길지로, 전통 명당으로… 캠프위치 보니 전략이 보이네",2021-03-13 03:00:00,동동주.,2021-03-14 06:53:24,문재인 당선이 길지라고? 사탄이가 세상을 해체하고 망국병으로 국가를 절단냈는데? 길지는 커녕 흉지고 사지고 오욕의 땅이다
"文당선 길지로, 전통 명당으로… 캠프위치 보니 전략이 보이네",2021-03-13 03:00:00,jys070412,2021-03-14 06:45:24,"우리나라는 아무리 어리버리도
친구팔고 아버지 팔이하면
대통령되~"
"文당선 길지로, 전통 명당으로… 캠프위치 보니 전략이 보이네",2021-03-13 03:00:00,갑산,2021-03-14 04:44:11,"유승민은 자신을 사랑해주고 정치인으로 키워준 주인을 물고서 자랑스러워 한
인간이다
걔가 대통이 되느니
차라리 개정은이가 더 낫다"
"文당선 길지로, 전통 명당으로… 캠프위치 보니 전략이 보이네",2021-03-13 03:00:00,gobawo,2021-03-13 18:52:03,"문재인이 대통령에 당선된 것은 친박만을 옹호하는 멍청한 박근혜 때문이 하나요
둘은 이미지로 연극했던 문재인의 이중성에 국민이 속아서 찍은 것이지
그가 잘나서 된 것 은 절대 아니다
결과를 보면 역대 가장 형편없는 단임 최규하 대통령보다 훨씬 못한 대통령이란 의견이 압도"
"文당선 길지로, 전통 명당으로… 캠프위치 보니 전략이 보이네",2021-03-13 03:00:00,당근님,2021-03-13 18:22:24,대선후보 출마선언한 허경영씨도 여의도에 사무실 냈다하더만...어디인가요?
"文당선 길지로, 전통 명당으로… 캠프위치 보니 전략이 보이네",2021-03-13 03:00:00,돌쇠님,2021-03-13 14:45:37,"본인만 명당이지 대한민국에는 아주 나쁜 땅이고만... 태어나지 말아야 이 정권, 대한민국을 10년은 후퇴했다"
"文당선 길지로, 전통 명당으로… 캠프위치 보니 전략이 보이네",2021-03-13 03:00:00,donkin7,2021-03-13 13:25:06,"태종대 신령님 공천부터 받아라
부엉이 바위보다 명당이라 하더라"
"윤석열 지지율, 40% 육박…이재명과 13%p 격차",2021-03-15 09:19:00,한 별이,2021-03-15 19:46:37,"윤석열 1위 의미 없다.



좌파는 단일화(이재명 + 이낙연)에 능하지만



우파는 안철수. 오세훈의 경우처럼 뻔한 계산도 어렵기만 하다. (역대 교육감 선거들만 보라)"
"윤석열 지지율, 40% 육박…이재명과 13%p 격차",2021-03-15 09:19:00,bt,2021-03-15 17:01:16,"친문이고 친뭉이고 간에 이X새X끼들아, 잘봐라!
문재인놈은 이러나 저러나 무조건 골로가게 되어있는 것이여!
이재명이놈이 어떤놈이냐? 문재인놈이 거의 죽였다가 간신히 살아난 놈이여!
그리고 윤석열이가 어떤 사람이냐?
문재인놈이 이사람보다 더 구박한 사람이 어디 있냐?"
"윤석열 지지율, 40% 육박…이재명과 13%p 격차",2021-03-15 09:19:00,닉네임 입력,2021-03-15 12:26:45,이러나 저러나 나중에 양산보다는 학교에 먼저 갈일만 남았는데 내년도 대통령선거가 될지 모르겠네요. 나같으면 정치판 개판으로 엎어 놓고 대깨문과 민주당의 강성 애들 앞세워 스스로 물러나는 모습 갖추고 저거편 대통 만들면 모양은 쪽팔려도 지가 살수 있잖아요.
"윤석열 지지율, 40% 육박…이재명과 13%p 격차",2021-03-15 09:19:00,uuglee,2021-03-15 12:18:47,추미애가 여기서 왜 나와?
"윤석열 지지율, 40% 육박…이재명과 13%p 격차",2021-03-15 09:19:00,uuglee,2021-03-15 12:16:45,"하늘은 결코 이나라를 저버리지 않았다. 여론조사 결과를 보면, 이 사악한 좌파정권이 생각하는 국민은 개 돼지 국민이 아님을 분명하게 증명한 것이다."
"윤석열 지지율, 40% 육박…이재명과 13%p 격차",2021-03-15 09:19:00,파란닢,2021-03-15 12:05:47,"적폐 조국, 추미애 앞세워 공수처 만들고, 중수처 만들어도 정권 안전은 물 건너 가네. 코로나 수입, 원전 폐기, 투기... 나라 위해 한 게 무엇???"
"윤석열 지지율, 40% 육박…이재명과 13%p 격차",2021-03-15 09:19:00,제일봉,2021-03-15 11:59:31,개나 소나 대통령하냐? 보수언론이 쏘아올린 인공위성 곧 우주 쓰레기로 떠돌다 지상으로 낙하해서 흔적도 없이 사라질텐데.....
"윤석열 지지율, 40% 육박…이재명과 13%p 격차",2021-03-15 09:19:00,훈요십조,2021-03-15 12:18:31,"선동질과 궤변질과 쇼쇼쇼질을 해대며 교묘한 말장난질을 해대는
간첩들은 보는 즉시 몽둥이로 대갈통을 찍어 버려야 나라가 안정이 된다!"
"윤석열 지지율, 40% 육박…이재명과 13%p 격차",2021-03-15 09:19:00,doriskang,2021-03-15 11:51:23,제발 대통령이 되서 정의롭던 대한민국으로 돌려 놓아 주십시오.
"윤석열 지지율, 40% 육박…이재명과 13%p 격차",2021-03-15 09:19:00,훈요십조,2021-03-15 11:46:28,"천천히 서두르지 말고 천천히 착실하게 하루하루 다져나가기를 바랍니다!
국민들은 법을 우롱하는 종자들을 결코 용서치 않을 것입니다!
모든 것이 법에 의한 시스템으로 관리되는 선진국이 되려면
국가정화를 한번 해야 할 때입니다!"
"윤석열 지지율, 40% 육박…이재명과 13%p 격차",2021-03-15 09:19:00,주관자,2021-03-15 11:36:43,"국민의짐 처럼 극우타령하는 놈, 중도성향의 국민이 대부분이라며 좌파도 우파도 아닌 것들까지 포용하는 어정쩡한 수작은 걸러야 한다.
암종양을 잘라내는 듯 철저하게, 이잡듯 박멸해야 한다.
어정쩡한 수술은 또 다른 부작용과 후유증을 남긴다.
죽창 아니라 그냥 포를 떠라."
"윤석열 지지율, 40% 육박…이재명과 13%p 격차",2021-03-15 09:19:00,주관자,2021-03-15 11:31:09,"제3지대가 해야할 일은 입법독재로 망가뜨린 국가시스템을 신속히 복구하고,
나라를 망가뜨린 전교조, 민노총, 쓸데없이 지원했던 수많은 시민단체, 특정지역민들을 위한 대학설립(한전대), 가덕도신공항 등을 모두 해체,취소하고 관련자들을 처형시켜야 한다.
사형을 집행해야 한다"
"윤석열 지지율, 40% 육박…이재명과 13%p 격차",2021-03-15 09:19:00,좋은친구들,2021-03-15 11:30:38,"개인적으로 이재명 지사를 지지한다 대항마가 없을때 이야기다
민주당 과 그권력자들에 벌을 주기 위해서 윤총장을 대항마로 세우겠다
이재명이는 민주당을 떠나 새신당으로 나서라 민주당을 지지하는발언은
민주당과 같이 몰락의 길을 걸어갈 뿐이다"
"윤석열 지지율, 40% 육박…이재명과 13%p 격차",2021-03-15 09:19:00,주관자,2021-03-15 11:27:59,"흥분하고 있을 때 벌써 빨갱이가 침투한다.
이미 드러난 적 보다 드러나지 않은 적을 거르는 게 더 힘들고 난해하다.
제3지대로 모이는 자들도 철저하게 그간의 행보를 확인하고, 걸르는 작업이 반드시 선행되어야 한다.
빨간 쥐쉐끼와 기생충은 그 틈을 노린다."
"윤석열 지지율, 40% 육박…이재명과 13%p 격차",2021-03-15 09:19:00,소사벌친구,2021-03-15 11:15:34,"윤석열이 대통령이면 비리는 사라지고 공정하며 상식이 통하는 나라가 되리라.
저의로운 나라에 쓰레기들을 청소하리라."
"윤석열 지지율, 40% 육박…이재명과 13%p 격차",2021-03-15 09:19:00,junbug,2021-03-15 11:10:21,"윤총장 화이팅!!!
심지 있는 핵심 팀을 만들어 정의를 위해 투쟁정신으로 정진하면
큰별이 될수 있겠네...^^"
"윤석열 지지율, 40% 육박…이재명과 13%p 격차",2021-03-15 09:19:00,긴도깡,2021-03-15 11:03:14,이회창감사원장이후로 윤통장이나왔다 이제는 민주벌겅이들에게 속으면안된다 인제찍으면 때중이된다 이말에 어리석은 중상들이 속았다
"윤석열 지지율, 40% 육박…이재명과 13%p 격차",2021-03-15 09:19:00,내생각은..,2021-03-15 10:59:57,윤총장. 아직 1년이 꼬박 남았으니 흥분하지말고 차분하게...
"윤석열 지지율, 40% 육박…이재명과 13%p 격차",2021-03-15 09:19:00,김해남,2021-03-15 10:59:47,극우 언론에서 내보내는 지지율에 대한 신뢰가 많이 떨어졌어요~ 어떡하면 좋나요.. 이재명 도지사님 응원하겠습니다.
"윤석열 지지율, 40% 육박…이재명과 13%p 격차",2021-03-15 09:19:00,Lqhfldmafy,2021-03-15 11:24:08,"이재명이 대선후보?????
아무리 봐도..."
"윤석열 지지율, 40% 육박…이재명과 13%p 격차",2021-03-15 09:19:00,내생각은..,2021-03-15 11:01:01,ㅉㅉ!
"윤석열 지지율, 40% 육박…이재명과 13%p 격차",2021-03-15 09:19:00,늘맑음,2021-03-15 10:56:32,"민심은천심 뭉가가 밤잠자기가
이젠틀린것 같소
낮잠을 밤잠으로 대체후년받길
권하노라
동부구치소 입감을 손꼽아 헤아려봐요
박통 이통 다음은 뭉통이 차례란것을 알길바래요"
"윤석열 지지율, 40% 육박…이재명과 13%p 격차",2021-03-15 09:19:00,이강원,2021-03-15 10:57:32,공감...^^
"윤석열 지지율, 40% 육박…이재명과 13%p 격차",2021-03-15 09:19:00,modory,2021-03-15 10:55:22,한국인 부정 부패를 싫어한다.
"윤석열 지지율, 40% 육박…이재명과 13%p 격차",2021-03-15 09:19:00,나는자연인,2021-03-15 10:52:12,"토론 한번만 하면 지지율 바닥 칠텐데...
뭐 지지 하는거 누가 뭐라 하겠나..."
"윤석열 지지율, 40% 육박…이재명과 13%p 격차",2021-03-15 09:19:00,dcl9k,2021-03-15 10:51:12,"앞으로 정의,공정,상식만으론 성공할 수 없다. 경제문제를 어떻게 해결할 지 그게 큰 관건이다. 설사 그게 아무리 좋은 정책이다해도 민주당놈들이 절대 다수를 차지하고 있는 상황에서는 추진하기가 불가능하다! 특히 86깡패새끼들은 나라생각을 전혀 하지 않는다!"
"윤석열 지지율, 40% 육박…이재명과 13%p 격차",2021-03-15 09:19:00,국민사랑,2021-03-15 10:57:16,방법이 있겠지요
"윤석열 지지율, 40% 육박…이재명과 13%p 격차",2021-03-15 09:19:00,galbi7517$,2021-03-15 10:47:28,"오세훈 보아라
1) 오세훈은,무상급식으로 시장직을 내던진 사유로 , 보수가
파멸의 길를 걷는빌미를 제공한 원죄를 갖고있다
2) 안철수는 대선을 포기하고 ,시장출마하는 큰 양보를 한셈이다.
3) 이번에는 오세훈이 포용할차례다. 안철수가 요구하는 문구 다수용해라 ."
"윤석열 지지율, 40% 육박…이재명과 13%p 격차",2021-03-15 09:19:00,사과사,2021-03-15 10:36:16,"박 시장의 사인은 전신이 허공에 매달린 질식사(목 졸림)다. 그런데 박 시장의 시신에는 시반이 뒷덜미, 허리, 등, 허벅지에 나타나 있다. 즉 타살된 뒤 옮겨진 것이다(주범 김정숙). https://blog.naver.com/cnamsung/222170443857"
"윤석열 지지율, 40% 육박…이재명과 13%p 격차",2021-03-15 09:19:00,기석,2021-03-15 10:35:34,삭제된 댓글입니다.
"윤석열 지지율, 40% 육박…이재명과 13%p 격차",2021-03-15 09:19:00,이강원,2021-03-15 10:58:48,꼴값 떨고 있네..ㄷㅅㅇ.
"윤석열 지지율, 40% 육박…이재명과 13%p 격차",2021-03-15 09:19:00,김찬중2,2021-03-15 10:34:26,"리재명이는 어쨌던 안된다,문빠,조빠,추빠들이 민노총 불법 시위 필수준비물 ;빠루,쇠파이프,각목,쇠꼬챙이,등으로 인정~사정 없이 바짝 조져댈텐데 과연 견뎌낼까? 황우 장사도 못견딘다,,"
"윤석열 지지율, 40% 육박…이재명과 13%p 격차",2021-03-15 09:19:00,하늘과땅,2021-03-15 10:34:17,"윤석열이가 약간의 결함이 있더라도 윤석열을 찎겠다! 종북좌파빨갱이 문재인을 골로 보낼수 있는 사람은 윤석열 뿐이다. 죄국, 추미친애, 박범개 등등등도 골로 보내야 자유대한민국에서 안심하고 살수 있다."
"윤석열 지지율, 40% 육박…이재명과 13%p 격차",2021-03-15 09:19:00,김찬중2,2021-03-15 10:30:32,"공짜로 연애했던,,,형수한테 걸찍하게~푸짐하게 욕했던 리재명 동무 요즈음 밥맛도 없고,밤잠도 설치고,괜시리 불안하고,, 이리갈까~? 저리로 갈까? 심란하겠구나 ,어쨌던간에 기립 박수와 함께 진심으로 축하한다,,보낸이 ;국민들 일동,"
"윤석열 지지율, 40% 육박…이재명과 13%p 격차",2021-03-15 09:19:00,ksmoon5207,2021-03-15 10:23:39,"정치미숙아 윤석열을 양파 껍질 벗기듯 검증과정을 거치면
반기문. 황교안처럼 정치를 찻잔 속의 태풍으로 끝나,
쓰다 버린 일회용 마스크 신세로 추락한다."
"윤석열 지지율, 40% 육박…이재명과 13%p 격차",2021-03-15 09:19:00,노머시,2021-03-15 10:18:09,이재명이를 진보가 지지해? 진보는 개뿔. 진보가 아니라 퇴보지. 저질 쌍욕 이재명이 지지자는 묻지마 퇴보여. 기사 똑바로 적거라.
"윤석열 지지율, 40% 육박…이재명과 13%p 격차",2021-03-15 09:19:00,tosung,2021-03-15 10:17:59,"운동권정권에 얼마나 실망했으면 이런결과가 나왔겠는가?
윤석열은 헌법과 법질서를 지키고, 이를 바탕으로 국민을 위한 정치를
하겠다고 믿는 사람들이 많아졌음을 보이는 징표이다.
이번에는 최재형감사원장이 대통령에 나서고 윤석열이 밀어준다면
더없는 조합이 될것같다."
"윤석열 지지율, 40% 육박…이재명과 13%p 격차",2021-03-15 09:19:00,정의롭고공정한국가를되찾자,2021-03-15 10:07:51,"4년밖에 안된 문재인과 일당들의 부패,부정축재가 너무도 뿌리깊고
광범위하다.조선말 안동김씨이래 최악의 악질매국노 부패집단이 생겼다.
국가의 모든 권력,기회를 쓸어갔다.
이를 뿌리뽑을 수 있는 자는 오로지 윤석렬이다.
지지율 80%가 보여줘야 정상국가,정상국민이다."
"윤석열 지지율, 40% 육박…이재명과 13%p 격차",2021-03-15 09:19:00,sunoiu,2021-03-15 09:59:11,"나같은 중도가 윤석열을 지지해야,,이런 지지율이 나온다,,
지지는 커녕,,까고 있는데,,무슨,,"
"윤석열 지지율, 40% 육박…이재명과 13%p 격차",2021-03-15 09:19:00,어느덧중년,2021-03-15 09:56:41,딴거 다 필요없고 문재인 잡아넣으라는 국민의 뜻이다
"윤석열 지지율, 40% 육박…이재명과 13%p 격차",2021-03-15 09:19:00,내생각은..,2021-03-15 10:18:32,醜가년도 같이....
"윤석열 지지율, 40% 육박…이재명과 13%p 격차",2021-03-15 09:19:00,cjhdk1,2021-03-15 09:53:54,"대선 후보 중 유일하게 상식이 통하는 분이니... 현재 남쪽나라에서 가장 시급한 것은, 공정한 여론조사만이 가능하도록 법적 조치를 만드는 것... 여론을 도구화하여 진실을 호도하는 것은 반드시 드러나기 마련...다만 과거 망나의 실수는 재 조명 받아야 할 듯..."
"윤석열 지지율, 40% 육박…이재명과 13%p 격차",2021-03-15 09:19:00,sunoiu,2021-03-15 09:36:41,"여론조사는 이틀전에 나온 한국갤럽이 가장 정확하다,, 윤석열 24프로,,
이틀만에 13프로 올랐냐,,조중동이 듣보잡 엉터리 여론조사로 윤석열 띄우기 조작질,,
인위적인 조잘질은 오래 못간다,,금방 시들,,"
與주자들 ‘親文 구애’ 본격화… 野 보선후 ‘反文 구심점’ 윤곽,2021-03-02 03:00:00,주관자,2021-03-02 11:35:07,"이재명은 솔직히 럭비공스타일이다.
종잡을 수 없다. 그러나 적어도 뭉가와 그 패거리들의 껄통을 쪼갤 인물은 이재명이 유일하다.
국민의짐도 그럴만한 인간은 한 마리도 없다.
한국을 지옥도에서 기사회생시킬 수 있는 유일한 인물이다.
나라를 좀먹는 기생충을 박멸할 유일한사람"
與주자들 ‘親文 구애’ 본격화… 野 보선후 ‘反文 구심점’ 윤곽,2021-03-02 03:00:00,주관자,2021-03-02 11:32:21,"친문이라기 보다 그냥 북한간첩이라고 불러야 한다.
친문은 개뿔. 불법부정을 저지른 조매국수호대와 뭐가 다른가?
정치깡패, 정치스토커. 개작두로 목을 잘라야 할 인간말종들이다.
국민의짐으로는 솔직히 나라를 바로 세울 수 없다.
이재명 같은 강단이 없으면 불가능하다."
與주자들 ‘親文 구애’ 본격화… 野 보선후 ‘反文 구심점’ 윤곽,2021-03-02 03:00:00,주관자,2021-03-02 11:30:11,"국민의짐이 선택할 수 있는 사람은 윤희숙과 최재형뿐.
윤석렬은 고지식해서 대선에 나올 사람도 아니고,
유승민 따위는 애초에 깜도 안된다. 원죄가 너무 크고 더럽다.
부정선거의 주범 김경수는 애초에 대상이 되지 않고,
림종석은 빨갱이, 정세균은 무능, 이나견은 사깃꾼."
與주자들 ‘親文 구애’ 본격화… 野 보선후 ‘反文 구심점’ 윤곽,2021-03-02 03:00:00,piggy,2021-03-02 11:02:42,"비이성적, 광신적 팬덤에 사로잡혀 나라가 망할 위기에 처했다."
與주자들 ‘親文 구애’ 본격화… 野 보선후 ‘反文 구심점’ 윤곽,2021-03-02 03:00:00,돌쇠님,2021-03-02 10:57:24,"언제부터 이 나라를 친문들이 좌지 우지 했나? 대권주자들이 국민을 바리보고 정치를 해야 되는데 친문구애??? 가관들이다. 이런 놈들은 모조리 out 시켜라. 친문,노빠, 나라를 망치는 해악들"
與주자들 ‘親文 구애’ 본격화… 野 보선후 ‘反文 구심점’ 윤곽,2021-03-02 03:00:00,금호큰바위,2021-03-02 09:19:43,윤석열은 당신들이 만들어놓은 꼭두각시에 불과하지 언제까지 가려나 두고봅시다. 대한민국을 언제까지 흔들수 있나 보자고 언제까지 당신들이 스스로 대한민국에서 엘리트들이라고 주장할지 ㅠㅠ
與주자들 ‘親文 구애’ 본격화… 野 보선후 ‘反文 구심점’ 윤곽,2021-03-02 03:00:00,장돌뱅이,2021-03-02 09:10:28,삭제된 댓글입니다.
與주자들 ‘親文 구애’ 본격화… 野 보선후 ‘反文 구심점’ 윤곽,2021-03-02 03:00:00,jentermen,2021-03-02 10:27:26,"맞습니다, 관상 잘 봤읍니다 내가볼때 좀 심하게 이야기 하자면 협잡 사기꾼 같은 넘들이네요!!"
與주자들 ‘親文 구애’ 본격화… 野 보선후 ‘反文 구심점’ 윤곽,2021-03-02 03:00:00,bt,2021-03-02 09:10:16,"쌍판때기를 쓰윽 보니 참 찍어줄 놈 없네! 이런것들이 대선주자라고 나대고 있다니? 우리나라에 인재가 그렇게도 없나?
그나마 좀 나은 사람이 윤석열이다!"
與주자들 ‘親文 구애’ 본격화… 野 보선후 ‘反文 구심점’ 윤곽,2021-03-02 03:00:00,황금빛인생,2021-03-02 08:38:24,"친문? 겅제정책 마이너스 손
아무것도 하지마라
깜도않되는 것들이
친문이라는이유로 적자?
조선 왕조냐 친문세습?
그러니욕쳐먹는거야
니들이 박사모 같은것들이야"
與주자들 ‘親文 구애’ 본격화… 野 보선후 ‘反文 구심점’ 윤곽,2021-03-02 03:00:00,MoDoo joA,2021-03-02 08:09:43,저 얼굴들과 윤총장을 같이 올린 것은 윤총장을 욕보이는 것 아닌가? 누구 말대로 ***그룹같은데....
與주자들 ‘親文 구애’ 본격화… 野 보선후 ‘反文 구심점’ 윤곽,2021-03-02 03:00:00,진카자마,2021-03-02 07:55:04,"인간적으로 밑에 떨거지들 3명은 빼자!!!!! 관심도 없고, 대권? 웃기고 있네! 택도 없다!!!"
與주자들 ‘親文 구애’ 본격화… 野 보선후 ‘反文 구심점’ 윤곽,2021-03-02 03:00:00,sunoiu,2021-03-02 07:43:33,"이번 대선은 뜻밖의 인물,,다크호스가 혜성처럼 나타나서 대통령이 된다,,
민주당에선 추장관 추다르크가 다크호스,,국민의짐은 읍따,,"
與주자들 ‘親文 구애’ 본격화… 野 보선후 ‘反文 구심점’ 윤곽,2021-03-02 03:00:00,진카자마,2021-03-02 07:55:48,혜성처럼 윤석열 대통령이 이미 나왔다.
與주자들 ‘親文 구애’ 본격화… 野 보선후 ‘反文 구심점’ 윤곽,2021-03-02 03:00:00,친절봉사,2021-03-02 07:24:31,"야권 유승민 후보는 윤석열 후보를 적극 밀어주기 바란다
야권은 후보 단일화가 선 과제구 만약에 욕심부리고 유승민 후보가 나온다면 야권은 필패다. 그래도 유승민 후보 보다야 윤석열 후보가 지지도가 높지 않은가. 꼭 단일화 해야 종북 빨 갱 이 당을 이길수있다"
與주자들 ‘親文 구애’ 본격화… 野 보선후 ‘反文 구심점’ 윤곽,2021-03-02 03:00:00,jentermen,2021-03-02 10:35:29,누구가 가족 사기단이고??하는소리가 꼭 추미애 최강욱 정청래등의 인간 같찮은 인간등과 같은 졸개들이가?꼭 꼭 윤석열 이가 나와 이기도록 유승민은 전정권에 반역한 잘못을 회개하는 마음에서도 힘을 합쳐라.
與주자들 ‘親文 구애’ 본격화… 野 보선후 ‘反文 구심점’ 윤곽,2021-03-02 03:00:00,황금빛인생,2021-03-02 08:32:23,가족사기단 놈 밀어주라고?
與주자들 ‘親文 구애’ 본격화… 野 보선후 ‘反文 구심점’ 윤곽,2021-03-02 03:00:00,sunoiu,2021-03-02 07:04:48,"난,,추장관 추다르크 아니면,,민주당 지지할 일 없다,,"
與주자들 ‘親文 구애’ 본격화… 野 보선후 ‘反文 구심점’ 윤곽,2021-03-02 03:00:00,Sunhaeng,2021-03-02 06:21:35,"유튜브에서 131270tebest를 검색시청하시면 신의 존재증명, 천국과 지옥, 구원 받는법, 기도하는법, 성령 받는법, 축복과 저주, 악의 존재이유, 요한계시록, 이긴자와 144000, 정의,최후의 심판, 유일신, 양심과 구원, 등등 설명을 들을 수 있습닝다."
與주자들 ‘親文 구애’ 본격화… 野 보선후 ‘反文 구심점’ 윤곽,2021-03-02 03:00:00,머야,2021-03-02 05:51:33,유승민 당신는 빠저 기회주의자 대구사람이 대구대통령 감옥보내구선 무슨 정치한다고 난 강원도사람?
與주자들 ‘親文 구애’ 본격화… 野 보선후 ‘反文 구심점’ 윤곽,2021-03-02 03:00:00,황금빛인생,2021-03-02 08:33:31,"상도지
무슨강자타령"
커지는 윤석열 ‘3월 결단설’…보선 앞두고 거취 촉각,2021-03-03 17:21:00,긴도깡,2021-03-04 00:35:27,개돼지맞다 사기꾼벌갱이들에게 표몰아주고 코로나보상금 던져주니까 꼬리흔들며 좋아한다 누가봐도 개돼지같이보인다 벌갱이들은 뒤에서 땅투기해서 몇억식벌고 일본순사제도 맹글어서 민중의곰팽이경찰 공직곰팽이세상이고 국민들은 던져주는 보상금이나받는세상이다
커지는 윤석열 ‘3월 결단설’…보선 앞두고 거취 촉각,2021-03-03 17:21:00,bt,2021-03-03 21:46:47,윤석열 총장은 이제 본인이 정치를 하기 싫어도 국민의 여망에 따라서 정치를 할 수밖에 없게 되었다. 이쯤에서 자신의 결심을 밝히는 것이 본인을 위해서나 나라를 위해서 도움이 될 것 같다!
커지는 윤석열 ‘3월 결단설’…보선 앞두고 거취 촉각,2021-03-03 17:21:00,장장장,2021-03-03 20:18:47,"내쫏을려고 별소리 다하네
윤석렬은 임기를 끝까지 지켜야 한다
그리고 정부 및 민주당을 혼쭐내야 한다"
커지는 윤석열 ‘3월 결단설’…보선 앞두고 거취 촉각,2021-03-03 17:21:00,iksoo9066,2021-03-03 18:26:32,어디 저런 사람도있나
"尹, 정치참여 의향 묻자 “이 자리서 드릴 말씀 아니다”",2021-03-04 03:00:00,bt,2021-03-04 09:41:36,윤석열 총장은 이제 본인이 정치를 하기 싫어도 국민의 여망에 따라서 정치를 할 수밖에 없게 되었다. 이쯤에서 자신의 결심을 밝히는 것이 본인을 위해서나 나라를 위해서 도움이 될 것 같다!
